,TIPLOC,TOC_New
0,ABDO,SR (100.0%)
1,ABDVY,AW (100.0%)
2,ABER,AW (100.0%)
3,ABGLELE,AW (100.0%)
4,ABHLJN,GR (5.88%); SR (94.12%)
5,ABRCYNS,AW (100.0%)
6,ABRDEEN,SR (99.7%); XC (0.3%)
7,ABRE,AW (100.0%)
8,ABRGVNY,AW (100.0%)
9,ABRYSTH,AW (100.0%)
10,ABWD,SE (73.25%); TL (26.75%)
11,ACBG,LM (100.0%)
12,ACHANLT,SR (100.0%)
13,ACHHSHL,SR (100.0%)
14,ACHILCK,SR (100.0%)
15,ACHNSHN,SR (100.0%)
16,ACKLNGT,NT (100.0%)
17,ACLE,LE (100.0%)
18,ACOCKSG,CH (4.69%); LM (95.31%)
19,ACRNGTN,NT (100.0%)
20,ACTNCTL,LO (100.0%)
21,ACTONML,XR (100.0%)
22,ADERLYP,LM (100.0%)
23,ADIEWEL,SR (100.0%)
24,ADISHAM,SE (100.0%)
25,ADLC,NT (100.0%)
26,ADLESTN,SW (100.0%)
27,ADNL,NT (100.0%)
28,ADWICK,NT (100.0%)
29,AGHTNPH,ME (100.0%)
30,AIGBURT,ME (100.0%)
31,AINSDAL,ME (100.0%)
32,AINTREE,ME (100.0%)
33,AIRBLES,SR (100.0%)
34,AIRDRIE,SR (100.0%)
35,ALBNHRC,SE (100.0%)
36,ALBNYPK,SE (100.0%)
37,ALBRGHT,AW (3.18%); LM (96.82%)
38,ALDEDGE,AW (0.37%); NT (99.63%)
39,ALDMSTN,GW (100.0%)
40,ALDRSHT,SW (100.0%)
41,ALDTON,SN (100.0%)
42,ALERTN,AW (11.57%); EM (16.85%); LM (23.79%); NT (47.79%)
43,ALEXNDP,GN (99.85%); TL (0.15%)
44,ALFRETN,EM (47.69%); NT (52.31%)
45,ALLENSW,NT (100.0%)
46,ALNESS,SR (100.0%)
47,ALNMOTH,GR (40.95%); NT (7.24%); TP (19.91%); XC (31.9%)
48,ALRESFD,LE (100.0%)
49,ALSAGER,EM (41.45%); LM (58.55%)
50,ALSHAM,SE (100.0%)
51,ALTHORN,LE (100.0%)
52,ALTNBRC,SR (100.0%)
53,ALTPE,NT (88.28%); TP (11.72%)
54,ALTRNHM,NT (100.0%)
55,ALVCHRC,LM (100.0%)
56,ALVCRLP,LM (100.0%)
57,ALXANDR,SR (100.0%)
58,ALXPD,SR (100.0%)
59,AMBERGT,EM (100.0%)
60,AMERSHM,CH (100.0%)
61,AMLY,SN (100.0%)
62,AMMANFD,AW (100.0%)
63,ANCASTR,EM (100.0%)
64,ANDOVER,SW (100.0%)
65,ANERLEY,LO (68.12%); SN (31.88%)
66,ANGMRNG,SN (98.94%); TL (1.06%)
67,ANNAN,LS (0.93%); SR (99.07%)
68,ANSDELL,NT (100.0%)
69,ANSL,SR (100.0%)
70,APBY,NT (100.0%)
71,APDR,SN (100.0%)
72,APERLYB,NT (100.0%)
73,APLYBDG,NT (100.0%)
74,APPLEFD,GW (100.0%)
75,APSLEY,LM (100.0%)
76,ARBROTH,CS (5.69%); GR (16.86%); SR (72.89%); XC (4.56%)
77,ARCHRAT,CS (25.77%); SR (74.23%)
78,ARDGAY,SR (100.0%)
79,ARDLUI,CS (25.25%); SR (72.73%); WR (2.02%)
80,ARDRSSB,SR (100.0%)
81,ARDRSTN,SR (100.0%)
82,ARDWICK,NT (100.0%)
83,ARGYLST,SR (100.0%)
84,ARISAIG,SR (100.0%)
85,ARLSEY,GN (0.35%); TL (99.65%)
86,ARMDALE,SR (100.0%)
87,ARMTHWT,NT (100.0%)
88,ARNSIDE,NT (100.0%)
89,ARRAM,NT (100.0%)
90,ARUNDEL,SN (100.0%)
91,ASCOT,SW (100.0%)
92,ASCTUWD,GW (100.0%)
93,ASFDMSX,SW (100.0%)
94,ASFIELD,SR (100.0%)
95,ASHBRYS,NT (100.0%)
96,ASHCHRC,GW (70.4%); XC (29.6%)
97,ASHD,SN (48.3%); SW (51.7%)
98,ASHFKY,SE (99.53%); ZZ (0.47%)
99,ASHH,GW (40.35%); SW (59.65%)
100,ASHLEY,NT (100.0%)
101,ASHONUL,NT (100.0%)
102,ASHURST,SN (100.0%)
103,ASHVALE,SW (100.0%)
104,ASHWELC,GN (6.7%); TL (93.3%)
105,ASKAM,NT (100.0%)
106,ASLCKTN,EM (100.0%)
107,ASPLEYG,LM (100.0%)
108,ASPTRIA,NT (100.0%)
109,ASTON,LM (100.0%)
110,ATADALE,SR (100.0%)
111,ATHERTN,NT (100.0%)
112,ATHRSTN,LM (100.0%)
113,ATNBRO,EM (91.24%); XC (8.76%)
114,ATTLBON,EM (14.62%); LE (85.38%)
115,ATTRCLI,SJ (100.0%)
116,AUDLEYE,LE (99.31%); XC (0.69%)
117,AVIEMRE,CS (11.29%); GR (9.03%); SR (79.68%)
118,AVNCLFF,GW (100.0%)
119,AVONMTH,GW (100.0%)
120,AXMNSTR,SW (100.0%)
121,AYLESFD,SE (100.0%)
122,AYLSBRY,CH (100.0%)
123,AYRR,SR (100.0%)
124,BACHE,ME (100.0%)
125,BAGE,NT (98.64%); TP (1.36%)
126,BAGSHOT,SW (100.0%)
127,BAILDON,NT (100.0%)
128,BALCOMB,SN (5.24%); TL (94.76%)
129,BALDOCK,GN (5.58%); TL (94.42%)
130,BALHAM,SN (100.0%)
131,BALISTN,SR (100.0%)
132,BALLOCH,SR (100.0%)
133,BALMOSS,SR (100.0%)
134,BAMFORD,EM (5.12%); NT (94.88%)
135,BANAVIE,SR (100.0%)
136,BANGOR,AW (76.01%); VT (23.99%)
137,BANSTED,SN (100.0%)
138,BARASIE,SR (100.0%)
139,BARELA,NT (100.0%)
140,BARGOED,AW (100.0%)
141,BARKING,CC (99.92%); WR (0.08%)
142,BARLSOP,LM (100.0%)
143,BARMING,SE (100.0%)
144,BARNES,SW (100.0%)
145,BAROW,NT (100.0%)
146,BAROWOS,EM (100.0%)
147,BARRY,AW (100.0%)
148,BARRYDK,AW (100.0%)
149,BASILDN,CC (100.0%)
150,BATABAL,TL (100.0%)
151,BATHSPA,GW (99.43%); LS (0.3%); ZZ (0.27%)
152,BATLEY,NT (44.29%); TP (55.71%)
153,BATRSPK,SN (100.0%)
154,BATTLE,SE (100.0%)
155,BAYFORD,GN (100.0%)
156,BCHGRV,AW (100.0%)
157,BCKNHMH,TL (100.0%)
158,BCKNHMJ,SE (100.0%)
159,BCKWATR,GW (100.0%)
160,BCKY,AW (100.0%)
161,BCNGNOS,SE (100.0%)
162,BCNSFLD,CH (100.0%)
163,BCSTN,CH (100.0%)
164,BCSTRTN,CH (100.0%)
165,BCWD,LM (100.0%)
166,BDHMNRD,SN (100.0%)
167,BDHMPTN,SN (39.37%); SW (60.63%)
168,BDMNSTR,GW (100.0%)
169,BDSTON,AW (0.05%); ME (99.95%)
170,BEARLEY,CH (71.09%); LM (28.91%)
171,BEASDAL,SR (100.0%)
172,BEAULY,SR (100.0%)
173,BEBNGTN,ME (100.0%)
174,BECCLES,LE (100.0%)
175,BEDFDM,EM (98.95%); TL (1.05%)
176,BEDWRTH,LM (100.0%)
177,BEDYN,GW (100.0%)
178,BEKSBRN,SE (100.0%)
179,BELM,SN (100.0%)
180,BELNGHM,SE (2.9%); TL (97.1%)
181,BELPER,EM (100.0%)
182,BELVEDR,SE (100.0%)
183,BEMPTON,NT (100.0%)
184,BENFLET,CC (100.0%)
185,BEREALS,GW (100.0%)
186,BEREFRS,GW (100.0%)
187,BERKHMD,LM (100.0%)
188,BERMPRK,LM (100.0%)
189,BERRYB,NT (100.0%)
190,BERWICK,SN (100.0%)
191,BESCRLA,NT (100.0%)
192,BESJOHN,LM (100.0%)
193,BESTON,EM (72.77%); XC (27.23%)
194,BETSYCD,AW (98.28%); LS (1.72%)
195,BEVERLY,HT (0.08%); NT (99.92%)
196,BEXHILL,SN (100.0%)
197,BEXLEY,SE (100.0%)
198,BGLAN,AW (100.0%)
199,BGOALAN,SR (100.0%)
200,BGRN,LM (100.0%)
201,BHAMINT,AW (0.35%); LM (41.97%); VT (39.3%); WR (0.12%); XC (18.27%)
202,BHAMJEW,CH (1.52%); LM (98.48%)
203,BHAMMRS,CH (19.43%); LM (79.6%); TY (0.97%)
204,BHAMNWS,AW (9.82%); LM (49.0%); VT (13.3%); XC (27.88%)
205,BHAMSNH,CH (4.86%); LM (95.14%)
206,BHILLPK,LO (100.0%)
207,BICKLEY,SE (45.25%); TL (54.75%)
208,BIGLSWD,GN (7.96%); TL (92.04%)
209,BILBROK,AW (3.24%); LM (96.76%)
210,BILERCY,LE (100.0%)
211,BILSHST,SN (100.0%)
212,BINGHAM,EM (100.0%)
213,BIRCHWD,EM (3.62%); NT (96.38%)
214,BIRKBCK,SN (100.0%)
215,BISHPTN,SR (100.0%)
216,BISLND,SR (100.0%)
217,BITERNE,SN (1.92%); SW (98.08%)
218,BKDLE,ME (100.0%)
219,BKHLS,NT (100.0%)
220,BKNELL,AW (100.0%)
221,BKNHRST,SW (95.74%); XC (4.26%)
222,BKSWELL,LM (100.0%)
223,BLAENAU,AW (100.0%)
224,BLAIRHL,SR (100.0%)
225,BLAKEDN,CH (1.16%); LM (98.84%)
226,BLANTYR,SR (100.0%)
227,BLARATH,CS (26.18%); GR (2.09%); SR (71.73%)
228,BLAYDON,NT (100.0%)
229,BLCHSRD,LO (100.0%)
230,BLCKPB,NT (100.0%)
231,BLCKPLN,NT (100.0%)
232,BLEASBY,EM (100.0%)
233,BLFR,TL (100.0%)
234,BLGRVE,SR (100.0%)
235,BLIEURD,SW (100.0%)
236,BLKB,NT (100.0%)
237,BLKHTH,SE (100.0%)
238,BLKRDGE,SR (100.0%)
239,BLKST,LM (100.0%)
240,BLLVUE,NT (100.0%)
241,BLNDLAC,ME (100.0%)
242,BLNGHM,NT (100.0%)
243,BLOXN,LM (100.0%)
244,BLOXWCH,LM (100.0%)
245,BLRD,NT (100.0%)
246,BLSHL,SR (100.0%)
247,BLTCHLY,LM (100.0%)
248,BLTNODR,NT (100.0%)
249,BLTRNAB,SE (100.0%)
250,BLYBDGE,EM (100.0%)
251,BMBRBDG,NT (100.0%)
252,BMHL,NT (100.0%)
253,BMLY,GW (100.0%)
254,BNBR,CH (63.83%); XC (36.17%)
255,BNDON,EM (3.54%); LE (96.46%)
256,BNGY,NT (100.0%)
257,BNHAM,GW (5.32%); XR (94.68%)
258,BNHL,SR (100.0%)
259,BNKHALL,ME (100.0%)
260,BNRHYDN,NT (100.0%)
261,BNSBDGE,SW (100.0%)
262,BNSD,NT (100.0%)
263,BNSLY,NT (100.0%)
264,BNTBY,EM (36.75%); TP (63.25%)
265,BNTEY,SW (100.0%)
266,BNTFORD,SW (100.0%)
267,BNTHAM,NT (100.0%)
268,BNWK,ME (100.0%)
269,BODMNPW,GW (95.03%); XC (4.97%)
270,BODORGN,AW (100.0%)
271,BOGSTON,SR (100.0%)
272,BOLTON,NT (93.95%); TP (6.05%)
273,BOMO,SW (100.0%)
274,BOOKHAM,SW (100.0%)
275,BOORCHY,CS (38.17%); SR (61.83%)
276,BOOTLE,NT (100.0%)
277,BOOTLNS,ME (100.0%)
278,BOOTLOR,ME (100.0%)
279,BORNEND,GW (100.0%)
280,BORTH,AW (100.0%)
281,BORWGAW,SE (100.0%)
282,BOSHAM,SN (100.0%)
283,BOSTON,EM (100.0%)
284,BOTESFD,EM (100.0%)
285,BOTLEY,GW (1.77%); SW (98.23%)
286,BOURNVL,LM (100.0%)
287,BOWBRKH,LM (100.0%)
288,BOWESPK,GN (100.0%)
289,BOWLING,SR (100.0%)
290,BOWSTRT,AW (100.0%)
291,BOXHAWH,SN (50.45%); SW (49.55%)
292,BOXHBUS,SN (100.0%)
293,BRACKNL,SW (100.0%)
294,BRADIN,NT (100.0%)
295,BRAINFP,LE (100.0%)
296,BRAMPTN,LE (100.0%)
297,BRANKSM,SW (100.0%)
298,BRBM,NT (100.0%)
299,BRBY,LO (100.0%)
300,BRBYPK,LO (100.0%)
301,BRDFDOA,GW (99.45%); LS (0.55%)
302,BRDGWTR,GW (100.0%)
303,BRDING,IL (100.0%)
304,BRDLNGT,NT (100.0%)
305,BRDNML,NT (100.0%)
306,BRDS,LM (100.0%)
307,BREDBRY,NT (100.0%)
308,BREICH,SR (100.0%)
309,BRFRY,SR (100.0%)
310,BRFT,NT (100.0%)
311,BRGDDIE,SR (100.0%)
312,BRGEND,AW (62.99%); GW (37.01%)
313,BRGHBUS,SN (100.0%)
314,BRGHLRD,SN (100.0%)
315,BRGHTN,SN (77.42%); TL (22.58%)
316,BRGLCAR,SJ (100.0%)
317,BRGLVAL,SJ (100.0%)
318,BRHD,SR (100.0%)
319,BRHM,SN (100.0%)
320,BRHOUSE,GC (15.24%); NT (84.0%); TP (0.76%)
321,BRIDGTN,SR (100.0%)
322,BRIERFL,NT (100.0%)
323,BRIMSDN,LE (100.0%)
324,BRITFRY,AW (100.0%)
325,BRITHDR,AW (100.0%)
326,BRIXTON,SE (100.0%)
327,BRKMNPK,GN (100.0%)
328,BRKNCPK,ME (100.0%)
329,BRKNHDC,ME (100.0%)
330,BRKNHDN,ME (100.0%)
331,BRKNHDP,ME (100.0%)
332,BRKWOOD,SW (100.0%)
333,BRLANDS,SW (100.0%)
334,BRLEYPK,NT (100.0%)
335,BRMB,ME (100.0%)
336,BRMBRK,ME (100.0%)
337,BRMCRSS,NT (100.0%)
338,BRMLYSR,NT (100.0%)
339,BRMOUTH,AW (100.0%)
340,BRMPTNC,NT (100.0%)
341,BRMSGRV,LM (100.0%)
342,BRNCHTN,SR (100.0%)
343,BRNGTN,NT (100.0%)
344,BRNHRST,SE (100.0%)
345,BRNMONC,LE (100.0%)
346,BRNYARM,LE (100.0%)
347,BROADFO,SR (100.0%)
348,BROADGR,NT (100.0%)
349,BROCKLY,LO (78.93%); SN (21.07%)
350,BROMLYS,SE (72.76%); TL (27.24%)
351,BROOME,AW (100.0%)
352,BRORA,SR (100.0%)
353,BROUGH,GR (1.63%); HT (8.79%); NT (69.23%); TP (20.35%)
354,BROXBRN,LE (100.0%)
355,BRRHL,SR (100.0%)
356,BRRYLNK,SR (100.0%)
357,BRSCGHB,NT (100.0%)
358,BRSCGHJ,NT (100.0%)
359,BRSDE,SR (100.0%)
360,BRSR,SE (99.36%); ZZ (0.64%)
361,BRSTLTM,GW (84.29%); WR (0.06%); XC (15.65%)
362,BRSTPWY,GW (68.07%); XC (31.93%)
363,BRTJYC,EM (100.0%)
364,BRTWOOD,XR (100.0%)
365,BRUCGRV,LO (100.0%)
366,BRUNDAL,LE (100.0%)
367,BRUNDLG,LE (100.0%)
368,BRUSTAN,SR (100.0%)
369,BRUTON,GW (69.68%); SW (30.32%)
370,BRWCKUT,GR (53.12%); TP (15.28%); XC (31.6%)
371,BRWHINS,TW (100.0%)
372,BRYN,NT (100.0%)
373,BRYSTNS,NT (100.0%)
374,BSCTSTA,LM (100.0%)
375,BSDN,SR (100.0%)
376,BSHB,SR (100.0%)
377,BSHPSFD,LE (100.0%)
378,BSNGSTK,SW (87.17%); XC (12.83%)
379,BSPSBUS,GW (100.0%)
380,BSSN,SN (100.0%)
381,BSTD,SE (100.0%)
382,BSTEDMS,LE (100.0%)
383,BSTWDPJ,EM (100.0%)
384,BTCHWTH,GW (100.0%)
385,BTHGATE,SR (100.0%)
386,BTHNLGR,LO (100.0%)
387,BTLRSLA,LM (100.0%)
388,BTLSBDG,LE (100.0%)
389,BTLYSY,NT (100.0%)
390,BTRSBY,NT (100.0%)
391,BUCKNHM,LE (100.0%)
392,BUGLE,GW (100.0%)
393,BUILTHR,AW (100.0%)
394,BULWELL,EM (100.0%)
395,BURES,LE (100.0%)
396,BURGESH,GX (3.63%); SN (32.08%); TL (64.29%)
397,BURLYIW,NT (100.0%)
398,BURNLYB,NT (100.0%)
399,BURNLYC,NT (100.0%)
400,BURNMR,NT (100.0%)
401,BURSLDN,SN (1.92%); SW (98.08%)
402,BURTNOT,XC (100.0%)
403,BUSBY,SR (100.0%)
404,BUSHEY,LM (100.0%)
405,BUSHYDC,LO (100.0%)
406,BXLYHTH,SE (100.0%)
407,BXTD,SN (100.0%)
408,BYFLANH,SW (100.0%)
409,BYNEA,AW (100.0%)
410,CADOXTN,AW (100.0%)
411,CAERGWL,AW (100.0%)
412,CALSTCK,GW (100.0%)
413,CAMBDGE,GN (40.26%); LE (47.02%); TL (0.03%); XC (12.69%)
414,CAMBNTH,GN (64.49%); LE (35.51%)
415,CAMELON,SR (100.0%)
416,CAMHTH,LO (100.0%)
417,CANLEY,LM (100.0%)
418,CANWHRF,XR (100.0%)
419,CARBISB,GW (100.0%)
420,CARDFQS,AW (100.0%)
421,CARFIN,SR (100.0%)
422,CARK,NT (100.0%)
423,CARLILE,CS (2.82%); LS (0.3%); SR (0.45%); TP (41.98%); VT (54.46%)
424,CARMYLE,SR (100.0%)
425,CARRBDG,CS (12.38%); GR (1.98%); SR (85.64%)
426,CARSWS,AW (100.0%)
427,CASTLFD,NT (100.0%)
428,CATFBDG,SE (100.0%)
429,CATFORD,TL (100.0%)
430,CATHAYS,AW (100.0%)
431,CATTAL,NT (100.0%)
432,CAUSLND,GW (100.0%)
433,CBARPAR,GW (100.0%)
434,CBAY,AW (82.33%); VT (17.67%)
435,CBGH,SN (100.0%)
436,CBHMSDA,SW (100.0%)
437,CBORNE,GW (98.82%); XC (1.18%)
438,CBRIJN,ZZ (100.0%)
439,CBRK,GW (1.93%); SW (98.07%)
440,CCARY,GW (84.0%); SW (16.0%)
441,CCRT,SR (100.0%)
442,CDCOT,AW (85.16%); XC (14.84%)
443,CDND,SR (100.0%)
444,CDNL,SR (100.0%)
445,CDRS,SR (100.0%)
446,CEFNYBD,AW (100.0%)
447,CFFT,SR (100.0%)
448,CFLATTS,NT (100.0%)
449,CFPK,SE (2.9%); TL (97.1%)
450,CHADHDD,CC (100.0%)
451,CHAPLTN,GW (100.0%)
452,CHARTHM,SE (100.0%)
453,CHASNRD,NT (100.0%)
454,CHATHAM,SE (70.7%); TL (29.3%)
455,CHBURY,GW (100.0%)
456,CHCHSTR,SN (100.0%)
457,CHDH,NT (100.0%)
458,CHDNGTN,LM (100.0%)
459,CHDWLHT,XR (100.0%)
460,CHEAM,SN (100.0%)
461,CHEF,NT (100.0%)
462,CHELFD,NT (100.0%)
463,CHEPSTW,AW (58.92%); XC (41.08%)
464,CHESHNT,LE (100.0%)
465,CHETNOL,GW (100.0%)
466,CHFD,EM (64.02%); NT (22.61%); XC (13.37%)
467,CHFN,NT (100.0%)
468,CHIPNHM,GW (100.0%)
469,CHIRK,AW (100.0%)
470,CHISWCK,SW (100.0%)
471,CHLFNAL,CH (100.0%)
472,CHLKWEL,CC (100.0%)
473,CHLMSFD,LE (100.0%)
474,CHLSFLD,SE (100.0%)
475,CHLTNHM,AW (0.16%); GW (21.9%); LS (0.22%); XC (77.72%)
476,CHLWTH,GW (100.0%)
477,CHNLY,EM (11.14%); NT (88.86%)
478,CHNRBVH,CH (100.0%)
479,CHNRESW,CH (100.0%)
480,CHNRLOW,CH (100.0%)
481,CHNRRED,CH (100.0%)
482,CHNRWHT,CH (100.0%)
483,CHOLSEY,GW (100.0%)
484,CHORBUK,NT (100.0%)
485,CHORLEY,NT (100.0%)
486,CHOS,NT (100.0%)
487,CHPLTWN,NT (100.0%)
488,CHPWKSC,LE (100.0%)
489,CHRISTC,SW (100.0%)
490,CHRNGXG,SR (100.0%)
491,CHRSTSH,SN (100.0%)
492,CHRW,CH (100.0%)
493,CHSD,SN (100.0%)
494,CHSLHRS,SE (100.0%)
495,CHSRD,LM (100.0%)
496,CHSSN,SW (100.0%)
497,CHST,AW (83.98%); VT (16.02%)
498,CHSW,SE (100.0%)
499,CHTLRT,SR (100.0%)
500,CHTR,NT (100.0%)
501,CHTSEY,SW (100.0%)
502,CILMERY,AW (100.0%)
503,CIVI,TW (100.0%)
504,CKHL,SR (100.0%)
505,CLANDON,SW (100.0%)
506,CLAPTON,LO (100.0%)
507,CLARBRD,AW (100.0%)
508,CLAVRDN,CH (77.3%); LM (22.7%)
509,CLCHHYT,LE (100.0%)
510,CLCHRTN,LE (100.0%)
511,CLCHSTR,LE (100.0%)
512,CLDNNRB,LO (100.0%)
513,CLDRCRX,SR (100.0%)
514,CLELAND,SR (100.0%)
515,CLFDOWN,GW (100.0%)
516,CLHM,EM (100.0%)
517,CLITHRO,NT (100.0%)
518,CLMN,SE (100.0%)
519,CLOCKHS,SE (100.0%)
520,CLPHHS,LO (100.0%)
521,CLPHMJC,SN (100.0%)
522,CLPHMJM,SW (100.0%)
523,CLPHMJW,SW (100.0%)
524,CLPM,NT (100.0%)
525,CLRKSTN,SR (100.0%)
526,CLST,NT (13.33%); TP (86.67%)
527,CLTHRPS,TP (100.0%)
528,CLTN,NT (100.0%)
529,CLWALL,GW (25.12%); LM (74.88%)
530,CLYBANK,SR (100.0%)
531,CLYGATE,SW (100.0%)
532,CLYNDRW,AW (100.0%)
533,CMBH,AW (100.0%)
534,CMBLEY,SW (100.0%)
535,CMBRNLD,SR (100.0%)
536,CMBSLNG,SR (100.0%)
537,CMDNRD,LO (100.0%)
538,CMER,LE (100.0%)
539,CMTHN,AW (100.0%)
540,CNCK,LM (100.0%)
541,CNDAW,LO (100.0%)
542,CNNB,LO (100.0%)
543,CNNBELL,LO (100.0%)
544,CNST,CS (7.89%); SR (92.11%)
545,CNTBE,SE (100.0%)
546,CNTBW,SE (100.0%)
547,CNTLEY,LE (100.0%)
548,CNTY,SR (100.0%)
549,COATBDC,SR (100.0%)
550,COATBDS,SR (100.0%)
551,COATDYK,SR (100.0%)
552,CODNBCH,SN (100.0%)
553,CODSALL,AW (2.88%); LM (97.12%)
554,COGAN,AW (100.0%)
555,COKSBDG,SN (100.0%)
556,COLESHL,XC (100.0%)
557,COLSDNS,SN (45.33%); TL (54.67%)
558,COLSTWN,SN (100.0%)
559,COMBE,GW (100.0%)
560,COMONDL,NT (100.0%)
561,CONBRGH,NT (100.0%)
562,CONGLTN,NT (100.0%)
563,CONNELF,SR (100.0%)
564,CONONBR,SR (100.0%)
565,CONONLY,NT (100.0%)
566,CONWY,AW (100.0%)
567,COOKHAM,GW (100.0%)
568,COOMBE,GW (100.0%)
569,COPLSTN,GW (100.0%)
570,CORBY,EM (100.0%)
571,CORPACH,SR (100.0%)
572,CORROUR,CS (38.17%); SR (61.83%)
573,COSELEY,LM (100.0%)
574,COSFORD,AW (3.24%); LM (96.76%)
575,COSHAM,GW (15.9%); SN (37.91%); SW (46.19%)
576,COTNGLY,NT (6.94%); TP (93.06%)
577,COVAREN,LM (100.0%)
578,COVNTRY,LM (48.47%); VT (35.18%); XC (16.36%)
579,COWDEN,SN (100.0%)
580,CPNHRST,ME (100.0%)
581,CRADLYH,CH (1.51%); LM (98.49%)
582,CRAVENA,AW (100.0%)
583,CRAWLEY,SN (50.1%); TL (49.9%)
584,CRBG,NT (100.0%)
585,CRCK,NT (100.0%)
586,CRDFCEN,AW (86.68%); GW (13.31%); XC (0.02%)
587,CREDITN,GW (100.0%)
588,CRESING,LE (100.0%)
589,CREWE,AW (15.99%); CS (1.19%); LM (19.0%); LS (0.06%); NT (0.03%); VT (62.65%); XC (1.07%)
590,CRFD,SE (100.0%)
591,CRGDRN,SR (100.0%)
592,CRHL,GN (100.0%)
593,CRICCTH,AW (100.0%)
594,CRKLWD,TL (100.0%)
595,CRKRN,SW (100.0%)
596,CRLK,SR (100.0%)
597,CRLN,SE (72.26%); TL (27.74%)
598,CRMLNGT,NT (94.29%); TP (5.71%)
599,CRNF,NT (100.0%)
600,CRNG,SE (100.0%)
601,CRNLRCH,CS (25.77%); SR (74.23%)
602,CROKSTN,SR (100.0%)
603,CROMFD,EM (100.0%)
604,CROSSHL,SR (100.0%)
605,CROT,NT (100.0%)
606,CROUCHH,LO (100.0%)
607,CROWLE,NT (88.28%); TP (11.72%)
608,CROY,SR (100.0%)
609,CRPHLY,AW (100.0%)
610,CRPNDPK,LO (100.0%)
611,CRSHLTB,SN (100.0%)
612,CRSHLTN,SN (67.91%); TL (32.09%)
613,CRSKEYS,AW (100.0%)
614,CRSMYLF,SR (100.0%)
615,CRSNGTN,ME (100.0%)
616,CRSTRS,CS (35.48%); SR (51.61%); TP (12.9%)
617,CRTN,EM (100.0%)
618,CRTSDYK,SR (100.0%)
619,CRWHRST,SE (100.0%)
620,CRWLL,EM (100.0%)
621,CRWTHRN,GW (100.0%)
622,CRYSTLP,SN (100.0%)
623,CSEAH,LO (81.96%); SN (18.04%)
624,CSFD,SW (100.0%)
625,CSGT,NT (93.85%); TP (6.15%)
626,CSTL,NT (100.0%)
627,CSTR,AW (100.0%)
628,CTMSLNK,TL (100.0%)
629,CTNG,SN (100.0%)
630,CTNM,NT (100.0%)
631,CTTGHM,HT (5.19%); NT (94.81%)
632,CUDNGTN,NT (100.0%)
633,CUFFLEY,GN (100.0%)
634,CULHAM,GW (100.0%)
635,CULRAIN,SR (100.0%)
636,CUPAR,SR (100.0%)
637,CURRIEH,SR (100.0%)
638,CUSTMHS,XR (100.0%)
639,CWDNBTH,SR (100.0%)
640,CWMBRAN,AW (100.0%)
641,CXTN,SE (100.0%)
642,CYNGHRD,AW (100.0%)
643,DAISYH,NT (100.0%)
644,DALGETY,SR (100.0%)
645,DALMUIR,CS (2.04%); SR (97.96%)
646,DALRY,SR (100.0%)
647,DALS,LO (100.0%)
648,DALSKLD,LO (100.0%)
649,DALSTON,NT (100.0%)
650,DALTON,NT (100.0%)
651,DALWHIN,CS (27.32%); SR (72.68%)
652,DANBY,NT (100.0%)
653,DANESCT,AW (100.0%)
654,DANZEY,LM (100.0%)
655,DARNALL,NT (100.0%)
656,DARSHAM,LE (100.0%)
657,DARTFD,SE (59.09%); TL (40.91%)
658,DARWEN,NT (100.0%)
659,DATCHET,SW (100.0%)
660,DAVNPRT,NT (100.0%)
661,DAWLISH,GW (97.84%); XC (2.16%)
662,DAWLSHW,GW (99.64%); ZZ (0.36%)
663,DAWSHLM,SR (100.0%)
664,DEAL,SE (100.0%)
665,DEAN,SW (100.0%)
666,DEGANWY,AW (100.0%)
667,DEIGHTN,NT (12.97%); TP (87.03%)
668,DELAMER,NT (100.0%)
669,DENHAM,CH (100.0%)
670,DENHMGC,CH (100.0%)
671,DENMRKH,LO (38.9%); SE (34.92%); TL (26.18%)
672,DENT,NT (100.0%)
673,DEPDENE,GW (100.0%)
674,DEPTFD,SE (59.51%); TL (40.49%)
675,DERBYRD,LE (100.0%)
676,DEVNPRT,GW (100.0%)
677,DGLROAD,AW (100.0%)
678,DGNHMDC,CC (100.0%)
679,DIDCOTP,GW (100.0%)
680,DIGBY,GW (100.0%)
681,DILTONM,GW (100.0%)
682,DINASP,AW (100.0%)
683,DINASR,AW (100.0%)
684,DINGWAL,SR (100.0%)
685,DINSDAL,NT (100.0%)
686,DISLEY,NT (100.0%)
687,DISS,LE (100.0%)
688,DLMALLY,SR (100.0%)
689,DLMRNOK,SR (100.0%)
690,DLMY,SR (100.0%)
691,DLREOCH,SR (100.0%)
692,DLTN,GR (41.28%); NT (19.04%); TP (18.81%); WR (0.06%); XC (20.81%)
693,DLTNCGT,GR (100.0%)
694,DLTNRIM,GR (100.0%)
695,DLWYDLN,AW (100.0%)
696,DMBRTNC,CS (2.02%); SR (97.98%)
697,DMBRTNE,SR (100.0%)
698,DNDL,NT (100.0%)
699,DNFRMLE,SR (100.0%)
700,DNFRMQM,SR (100.0%)
701,DNLP,SR (100.0%)
702,DNROBIN,SR (100.0%)
703,DNSN,NT (100.0%)
704,DNSRSTP,GW (100.0%)
705,DNTG,NT (100.0%)
706,DNTON,NT (100.0%)
707,DOCKYDP,GW (100.0%)
708,DODWRTH,NT (100.0%)
709,DOLAU,AW (100.0%)
710,DOLEHAM,SN (100.0%)
711,DOLGARG,AW (100.0%)
712,DONC,GC (3.84%); GR (48.74%); HT (6.37%); NT (25.6%); TP (11.61%); XC (3.84%)
713,DORE,EM (11.16%); NT (71.75%); TP (17.08%)
714,DORIDGE,CH (66.99%); LM (33.01%)
715,DORKING,SN (100.0%)
716,DORMANS,SN (95.42%); TL (4.58%)
717,DOVERP,SE (100.0%)
718,DOVRCRT,LE (100.0%)
719,DOVYJN,AW (100.0%)
720,DOWNHAM,GN (96.73%); LE (3.27%)
721,DRAYGRN,GW (100.0%)
722,DRBY,EM (50.07%); XC (49.93%)
723,DRCHS,SW (100.0%)
724,DRCHW,GW (100.0%)
725,DRDAYSJ,LS (100.0%)
726,DREMJ,SR (100.0%)
727,DRHM,GR (38.41%); NT (2.66%); TP (27.4%); WR (0.19%); XC (31.15%); ZZ (0.19%)
728,DRIFILD,NT (100.0%)
729,DRIGG,NT (100.0%)
730,DRKGW,GW (100.0%)
731,DRMCHPL,SR (100.0%)
732,DRMFCHR,SR (100.0%)
733,DRMGLCH,SR (100.0%)
734,DRNGTOS,SN (98.74%); TL (1.26%)
735,DRONFLD,EM (15.15%); NT (84.85%)
736,DRTN,NT (100.0%)
737,DRTWCHS,LM (99.78%); LS (0.22%)
738,DRUMRY,SR (100.0%)
739,DRYP,GN (100.0%)
740,DTNG,SE (100.0%)
741,DUDESTN,LM (100.0%)
742,DUDLPT,LM (100.0%)
743,DUFIELD,EM (100.0%)
744,DUIRNSH,SR (100.0%)
745,DUKEST,SR (100.0%)
746,DULNGHM,LE (100.0%)
747,DUMBRCK,SR (100.0%)
748,DUMFRES,LS (2.7%); SR (97.3%)
749,DUMPTNP,SE (100.0%)
750,DUNANE,CS (15.72%); GR (1.26%); SR (83.02%)
751,DUNBAR,GR (28.23%); TP (35.71%); XC (36.05%)
752,DUNCRAG,SR (100.0%)
753,DUNDETB,CS (5.46%); GR (16.16%); SR (71.4%); XC (6.99%)
754,DUNKELD,CS (13.62%); GR (1.09%); SR (85.29%)
755,DUNS,XC (100.0%)
756,DURSLEY,GW (100.0%)
757,DVHL,NT (100.0%)
758,DWBY,NT (22.37%); TP (77.63%)
759,DYCE,SR (100.0%)
760,DYFRYNA,AW (100.0%)
761,EALINGB,GW (20.54%); XR (79.46%)
762,EARLSWD,SN (12.31%); TL (87.69%)
763,EASTBRK,AW (100.0%)
764,EASTHAM,LO (100.0%)
765,EBOLDON,TW (100.0%)
766,EBOURNE,SN (100.0%)
767,EBSFLTI,SE (100.0%)
768,EBWVPWY,AW (100.0%)
769,ECCLES,NT (100.0%)
770,ECLR,EM (21.88%); LE (78.12%)
771,ECPK,NT (100.0%)
772,ECROYDN,SN (61.98%); TL (38.02%)
773,EDALE,EM (6.06%); NT (93.94%)
774,EDGH,NT (100.0%)
775,EDIDBRY,AW (31.03%); NT (68.97%)
776,EDINBUR,CS (2.82%); GR (55.76%); SR (12.24%); TP (3.53%); VT (0.24%); XC (25.41%)
777,EDINGWY,SR (100.0%)
778,EDINPRK,SR (100.0%)
779,EDMNGRN,LE (3.62%); LO (96.38%)
780,EDNB,SN (100.0%)
781,EDNT,SN (100.0%)
782,EDPK,SE (100.0%)
783,EDULWCH,SN (100.0%)
784,EFARLGH,SE (100.0%)
785,EFNGHMJ,SW (100.0%)
786,EGGESFD,GW (100.0%)
787,EGHAM,SW (100.0%)
788,EGLSCLF,GC (16.25%); NT (83.75%)
789,EGRFRTH,NT (100.0%)
790,EGTON,NT (100.0%)
791,ELGH,GW (1.38%); SN (1.38%); SW (97.24%)
792,ELGIN,SR (100.0%)
793,ELMERSE,SE (100.0%)
794,ELMSWEL,LE (100.0%)
795,ELMW,SE (100.0%)
796,ELPHNAC,SE (2.84%); TL (97.16%)
797,ELSC,NT (100.0%)
798,ELSENHM,LE (100.0%)
799,ELSN,XC (100.0%)
800,ELTHAM,SE (100.0%)
801,ELTON,EM (100.0%)
802,ELTR,TL (100.0%)
803,ELWD,LM (100.0%)
804,ELYY,EM (17.8%); GN (28.34%); LE (33.61%); XC (20.26%)
805,EMALING,SE (100.0%)
806,EMPKWAY,EM (100.0%)
807,EMSWTH,SN (100.0%)
808,ENFC,GN (100.0%)
809,ENFLDLK,LE (100.0%)
810,ENTWISL,NT (100.0%)
811,EPSM,SN (48.61%); SW (51.39%)
812,ERDNGTN,LM (100.0%)
813,ERGNCHP,AW (100.0%)
814,ERIDBUS,SN (100.0%)
815,ERIDGE,SN (100.0%)
816,ERITH,SE (100.0%)
817,ERLFLD,SW (100.0%)
818,ERLSTWN,AW (32.52%); NT (67.48%)
819,ERLY,SW (100.0%)
820,ESHER,SW (100.0%)
821,ESHS,SR (100.0%)
822,ESKBANK,SR (100.0%)
823,ESSEXRD,GN (100.0%)
824,ESTFLDS,SN (55.15%); TL (44.85%)
825,ESTHRAK,ME (100.0%)
826,ESTRNGT,NT (100.0%)
827,ETCHNGM,SE (100.0%)
828,ETILBRY,CC (100.0%)
829,EUSTON,VT (100.0%)
830,EUXT,NT (100.0%)
831,EVESHAM,GW (100.0%)
832,EWELLE,SN (100.0%)
833,EWELW,SW (100.0%)
834,EWRTHNG,SN (100.0%)
835,EXETERC,GW (65.61%); SW (34.39%)
836,EXETRSD,GW (86.22%); XC (13.58%); ZZ (0.21%)
837,EXETRST,GW (100.0%)
838,EXHIBTC,SR (99.88%); WR (0.12%)
839,EXTON,GW (100.0%)
840,EYNSFD,TL (100.0%)
841,FAIRLIE,SR (100.0%)
842,FALCNWD,SE (100.0%)
843,FALKRKG,CS (3.13%); GR (8.51%); SR (88.36%)
844,FALKRKH,SR (100.0%)
845,FALMTHT,GW (100.0%)
846,FAMBDGE,LE (100.0%)
847,FAMR,SN (100.0%)
848,FAREHAM,GW (19.2%); SN (38.27%); SW (42.54%)
849,FARNHAM,SW (100.0%)
850,FAULDHS,SR (100.0%)
851,FAVRSHM,SE (100.0%)
852,FAYGATE,SN (4.55%); TL (95.45%)
853,FAZKRLY,ME (100.0%)
854,FEARN,SR (100.0%)
855,FELL,TW (100.0%)
856,FELTHAM,SW (100.0%)
857,FENCHRS,CC (100.0%)
858,FENITON,GW (2.9%); SW (97.1%)
859,FERNHIL,AW (100.0%)
860,FERRIBY,NT (100.0%)
861,FFAIRFC,AW (100.0%)
862,FGDHGWK,AW (100.0%)
863,FILEY,NT (100.0%)
864,FILTNEW,GW (100.0%)
865,FINSTCK,GW (100.0%)
866,FISKRTN,EM (100.0%)
867,FITZWLM,NT (100.0%)
868,FIVEWYS,LM (100.0%)
869,FLEET,SW (100.0%)
870,FLIMBY,NT (100.0%)
871,FLINT,AW (87.49%); VT (12.51%)
872,FLITWCK,TL (100.0%)
873,FLIXTON,NT (100.0%)
874,FLKSTNC,SE (100.0%)
875,FLKSTNW,SE (100.0%)
876,FLSCRHN,SR (100.0%)
877,FLWRYFD,NT (100.0%)
878,FNCHLYR,LO (100.0%)
879,FNPK,GN (45.38%); LO (4.57%); TL (50.05%)
880,FORD,SN (100.0%)
881,FORESTH,LO (78.93%); SN (21.07%)
882,FORMBY,ME (100.0%)
883,FORRES,SR (100.0%)
884,FORSNRD,SR (100.0%)
885,FOUROKS,LM (100.0%)
886,FOXFILD,NT (100.0%)
887,FOXTON,GN (6.19%); TL (93.81%)
888,FRANT,SE (100.0%)
889,FRATGSA,SN (100.0%)
890,FRATTON,GW (11.33%); SN (31.0%); SW (57.67%)
891,FRBN,AW (100.0%)
892,FRBRMN,SW (100.0%)
893,FRBRNTH,GW (100.0%)
894,FRDSHM,AW (85.87%); NT (14.13%)
895,FRESHFD,GW (100.0%)
896,FRFD,NT (100.0%)
897,FRIMLEY,SW (100.0%)
898,FRINTON,LE (100.0%)
899,FRNCMB,SW (100.0%)
900,FRNDNLT,TL (100.0%)
901,FRNDXR,XR (100.0%)
902,FRNNGRD,SE (100.0%)
903,FRNW,NT (100.0%)
904,FROME,GW (69.92%); LS (1.69%); SW (28.39%)
905,FRSHFLD,ME (100.0%)
906,FRSTGT,XR (100.0%)
907,FRTMTLD,SR (100.0%)
908,FRTWLM,SR (100.0%)
909,FRWATER,AW (100.0%)
910,FRZNGHL,NT (100.0%)
911,FSHBBUS,SN (100.0%)
912,FSHBORN,SN (100.0%)
913,FSHRSGT,SN (100.0%)
914,FSTR,LM (100.0%)
915,FTHRSTN,NT (100.0%)
916,FULWELL,SW (100.0%)
917,FURNESV,NT (100.0%)
918,FURZEP,GW (100.0%)
919,FYSD,AW (91.6%); GW (8.4%)
920,GALASLS,SR (100.0%)
921,GALTILL,AW (24.89%); LM (75.11%)
922,GALTINT,CH (2.97%); LM (97.03%)
923,GARFRTH,NT (85.45%); TP (14.55%)
924,GARROWH,SR (100.0%)
925,GARSDLE,NT (100.0%)
926,GARTH,AW (100.0%)
927,GARVE,SR (100.0%)
928,GARW,NT (100.0%)
929,GATHRST,NT (100.0%)
930,GATLEY,NT (65.92%); TP (34.08%)
931,GBGHLRD,EM (20.1%); NT (79.9%)
932,GBNK,NT (100.0%)
933,GDLMING,SW (100.0%)
934,GERRDSX,CH (100.0%)
935,GFLD,TP (100.0%)
936,GGLSWCK,NT (100.0%)
937,GIDB,NT (100.0%)
938,GIDEAPK,XR (100.0%)
939,GIFNOCK,SR (100.0%)
940,GIPSYH,SN (100.0%)
941,GIRVAN,SR (100.0%)
942,GLAISDL,NT (100.0%)
943,GLASHTN,NT (100.0%)
944,GLAZBRK,NT (100.0%)
945,GLBRDYK,NT (98.51%); TP (1.49%)
946,GLDTHRP,NT (100.0%)
947,GLFCHFR,AW (100.0%)
948,GLGC,TP (100.0%)
949,GLGCLL,SR (100.0%)
950,GLGHST,SR (100.0%)
951,GLGN,SR (100.0%)
952,GLGQHL,SR (100.0%)
953,GLGQLL,CS (1.59%); SR (98.41%)
954,GLHM,SW (100.0%)
955,GLNCNWY,AW (100.0%)
956,GLNEGLS,CS (10.12%); GR (8.1%); SR (81.78%)
957,GLNFNNN,SR (100.0%)
958,GLNGHMK,SE (65.53%); TL (34.47%)
959,GLNRTHS,SR (100.0%)
960,GLOSTER,AW (18.15%); GW (50.74%); XC (31.11%)
961,GLSP,NT (100.0%)
962,GLYNDE,SN (100.0%)
963,GNHT,SE (60.53%); TL (39.47%)
964,GNLN,ME (100.0%)
965,GNRSBRY,LO (35.91%); LT (64.09%)
966,GNTN,AW (100.0%)
967,GNWH,SE (59.51%); TL (40.49%)
968,GOBOWEN,AW (100.0%)
969,GODLY,NT (100.0%)
970,GODMAYS,XR (100.0%)
971,GODSTON,SN (100.0%)
972,GOLFSTR,SR (100.0%)
973,GOLSPIE,SR (100.0%)
974,GOMSHAL,GW (100.0%)
975,GOOLE,NT (100.0%)
976,GOOSTRY,NT (100.0%)
977,GORASTR,GW (100.0%)
978,GORDONH,GN (100.0%)
979,GOREBRG,SR (100.0%)
980,GORNGBS,SN (98.74%); TL (1.26%)
981,GORTON,NT (100.0%)
982,GOSPLOK,LO (100.0%)
983,GOVS,NT (100.0%)
984,GOWERTN,AW (100.0%)
985,GOXHILL,EM (100.0%)
986,GRATELY,SW (100.0%)
987,GRAVLYH,LM (100.0%)
988,GRAYS,CC (100.0%)
989,GREENRD,NT (100.0%)
990,GRENCKC,SR (100.0%)
991,GRENCKW,SR (100.0%)
992,GRETGRN,LS (0.93%); SR (99.07%)
993,GRGMASJ,SR (100.0%)
994,GRGRAVE,NT (100.0%)
995,GRLCHHD,CS (25.77%); SR (74.23%)
996,GRMSBYD,EM (100.0%)
997,GRMSBYT,EM (42.08%); TP (57.92%)
998,GRNDLFD,EM (5.23%); NT (94.77%)
999,GRNFLDS,SR (100.0%)
1000,GROSMNT,NT (100.0%)
1001,GROSNYM,NY (100.0%)
1002,GRPK,GN (100.0%)
1003,GRSTH,LM (100.0%)
1004,GRTCSH,SR (100.0%)
1005,GRTHMG,AW (100.0%)
1006,GRVPK,SE (100.0%)
1007,GRVSEND,SE (48.03%); TL (51.97%)
1008,GSCD,SR (100.0%)
1009,GTAYTON,NT (100.0%)
1010,GTBNTLY,LE (100.0%)
1011,GTCHSFD,LE (100.0%)
1012,GTCOATS,EM (100.0%)
1013,GTHLAND,NY (100.0%)
1014,GTHM,EM (40.66%); GR (49.11%); HT (10.23%)
1015,GTMLVRN,GW (25.12%); LM (74.88%)
1016,GTMSNDN,CH (100.0%)
1017,GTSHDMC,NT (100.0%)
1018,GTWK,GW (0.01%); GX (1.95%); SN (43.48%); TL (54.56%)
1019,GUILDFD,GW (39.49%); SW (60.39%); WR (0.12%)
1020,GUISELY,NT (100.0%)
1021,GUNTON,LE (100.0%)
1022,GWRSYLT,AW (100.0%)
1023,GYPSYLA,NT (100.0%)
1024,HABRO,EM (53.9%); TP (46.1%)
1025,HACKNYC,LO (100.0%)
1026,HACKNYW,LO (100.0%)
1027,HADFILD,NT (100.0%)
1028,HADISCO,LE (100.0%)
1029,HADLYWD,GN (99.69%); TL (0.31%)
1030,HADMATP,CH (100.0%)
1031,HAGFOLD,NT (100.0%)
1032,HAGGERS,LO (100.0%)
1033,HAGLEY,CH (0.85%); LM (99.15%)
1034,HAGT,NT (100.0%)
1035,HAKNYNM,LE (19.79%); LO (80.21%)
1036,HALE,NT (100.0%)
1037,HALG,SE (100.0%)
1038,HALLRD,ME (100.0%)
1039,HALSWTH,LE (100.0%)
1040,HALW,NT (100.0%)
1041,HAMERTN,NT (100.0%)
1042,HAMLTNC,SR (100.0%)
1043,HAMLTNW,SR (100.0%)
1044,HAMPTON,SW (100.0%)
1045,HAMSTED,LM (100.0%)
1046,HAMTSQ,ME (100.0%)
1047,HAMWICK,SW (100.0%)
1048,HANDBRO,GW (100.0%)
1049,HANWELL,XR (100.0%)
1050,HAPTON,NT (100.0%)
1051,HARLSDN,LO (30.65%); LT (69.35%)
1052,HARMYRS,SR (100.0%)
1053,HAROOTH,CH (100.0%)
1054,HARTFD,LM (100.0%)
1055,HASLEMR,SW (100.0%)
1056,HASOCKS,GX (4.89%); SN (40.54%); TL (54.57%)
1057,HASTING,SE (0.88%); SN (99.12%)
1058,HATFILD,GN (52.57%); TL (47.43%)
1059,HATHRSG,EM (5.11%); NT (94.89%)
1060,HATRSLY,NT (100.0%)
1061,HATTON,CH (86.98%); LM (13.02%)
1062,HAVANT,SN (62.77%); SW (37.23%)
1063,HAVENHS,EM (100.0%)
1064,HAVRFDW,AW (100.0%)
1065,HAWARDN,AW (100.0%)
1066,HAWDNBG,AW (100.0%)
1067,HAYESAH,GW (20.45%); XR (79.55%)
1068,HAYLE,GW (98.5%); XC (1.5%)
1069,HAYMRKT,GR (3.57%); SR (87.38%); TP (3.73%); VT (3.31%); XC (2.01%)
1070,HAZL,EM (2.09%); NT (97.91%)
1071,HBDNBDG,NT (100.0%)
1072,HBRN,SE (100.0%)
1073,HBROOMS,SE (100.0%)
1074,HBRTBDG,EM (100.0%)
1075,HBRY,LM (100.0%)
1076,HCHP,NT (100.0%)
1077,HCKNGTN,EM (100.0%)
1078,HDNS,LM (100.0%)
1079,HDON,TL (100.0%)
1080,HDRSFLD,TP (100.0%)
1081,HEADCRN,SE (100.0%)
1082,HEALING,EM (100.0%)
1083,HEATHHL,AW (100.0%)
1084,HEATHLL,AW (100.0%)
1085,HEDGEND,GW (1.77%); SW (98.23%)
1086,HEDNGLY,NT (100.0%)
1087,HEDSTNL,LO (100.0%)
1088,HELIFLD,NT (100.0%)
1089,HELMSDL,SR (100.0%)
1090,HELSBY,AW (87.01%); NT (12.99%)
1091,HEMLHMP,LM (100.0%)
1092,HEMSWTH,NT (100.0%)
1093,HENGOED,AW (100.0%)
1094,HENLYIA,LM (97.27%); TY (2.73%)
1095,HENSALL,NT (100.0%)
1096,HEREFRD,AW (100.0%)
1097,HERNEH,SE (47.02%); TL (52.98%)
1098,HERSHAM,SW (100.0%)
1099,HERTFDE,LE (100.0%)
1100,HESSLE,NT (100.0%)
1101,HESWALL,AW (100.0%)
1102,HEVER,SN (100.0%)
1103,HEWOMTR,TW (100.0%)
1104,HEWORTH,NT (100.0%)
1105,HEXHAM,NT (100.0%)
1106,HEYFORD,CH (3.41%); GW (96.59%)
1107,HFDN,GN (100.0%)
1108,HFLPEVL,LE (100.0%)
1109,HGHBRDG,GW (100.0%)
1110,HGHI,GN (100.0%)
1111,HGHMSPK,LO (100.0%)
1112,HGHNGTN,NT (100.0%)
1113,HIGHBYA,LO (100.0%)
1114,HIGM,SE (8.83%); TL (91.17%)
1115,HILLSID,ME (100.0%)
1116,HILSEA,SN (22.61%); SW (77.39%)
1117,HINCKLY,XC (100.0%)
1118,HINDLEY,NT (100.0%)
1119,HINTONA,SW (100.0%)
1120,HITCHIN,GN (3.37%); TL (96.63%)
1121,HITN,ME (100.0%)
1122,HITW,NT (100.0%)
1123,HKBG,SN (55.15%); TL (44.85%)
1124,HLDG,NT (100.0%)
1125,HLDNBRO,SE (100.0%)
1126,HLFT,SR (100.0%)
1127,HLFX,GC (6.24%); NT (93.76%)
1128,HLGN,LM (100.0%)
1129,HLMW,SN (100.0%)
1130,HLNGTNE,SR (100.0%)
1131,HLNGTNW,SR (100.0%)
1132,HLNSBRC,SR (100.0%)
1133,HLNSBRU,CS (25.77%); SR (74.23%)
1134,HLTWHST,NT (100.0%)
1135,HLYH,AW (100.0%)
1136,HMBLE,SN (1.92%); SW (98.08%)
1137,HMPDNPK,SN (100.0%)
1138,HMPHRYP,NT (100.0%)
1139,HMPSTDH,LO (100.0%)
1140,HMPTNIA,LM (100.0%)
1141,HMST,SN (100.0%)
1142,HMWTHY,SW (100.0%)
1143,HNCHLYW,SW (100.0%)
1144,HNDFRTH,NT (100.0%)
1145,HNDSHWT,CH (1.33%); LM (98.67%)
1146,HNGT,NT (100.0%)
1147,HNTL,SR (100.0%)
1148,HNTNGDN,GN (7.96%); TL (92.04%)
1149,HOCKLEY,LE (100.0%)
1150,HOLTONH,SW (100.0%)
1151,HOLYTWN,SR (100.0%)
1152,HOMRTON,LO (100.0%)
1153,HONITON,GW (1.93%); SW (98.07%)
1154,HONLEY,NT (100.0%)
1155,HONROPK,LO (78.93%); SN (21.07%)
1156,HONYBRN,GW (100.0%)
1157,HOOK,SW (100.0%)
1158,HOOTON,ME (100.0%)
1159,HOPC,AW (100.0%)
1160,HOPD,EM (5.0%); NT (95.0%)
1161,HOPTONH,AW (100.0%)
1162,HORD,NT (100.0%)
1163,HORLEY,SN (13.39%); TL (86.61%)
1164,HORSHAM,SN (99.92%); TL (0.08%)
1165,HORWICH,NT (100.0%)
1166,HOSCAR,NT (100.0%)
1167,HOUGHGR,EM (1.31%); NT (98.69%)
1168,HOUNSLW,SW (100.0%)
1169,HOVE,SN (99.02%); TL (0.98%)
1170,HOWDEN,HT (26.53%); NT (63.61%); TP (9.86%)
1171,HOWOOD,SR (100.0%)
1172,HOWWOOD,LM (100.0%)
1173,HOXTON,LO (100.0%)
1174,HOYLAKE,ME (100.0%)
1175,HRGY,GN (100.0%)
1176,HRGYGL,LO (100.0%)
1177,HRLC,AW (100.0%)
1178,HRLDWOD,XR (100.0%)
1179,HRLG,TL (100.0%)
1180,HRLNGRD,EM (21.88%); LE (78.12%)
1181,HRLWMIL,LE (100.0%)
1182,HRLWTWN,LE (100.0%)
1183,HRNBPK,NT (100.0%)
1184,HRNEBAY,SE (100.0%)
1185,HRNSY,GN (100.0%)
1186,HROW,LM (70.65%); SN (29.35%)
1187,HROWDC,LO (100.0%)
1188,HRPNDN,TL (100.0%)
1189,HRSLEY,SW (100.0%)
1190,HRSM,SE (100.0%)
1191,HRSTGRN,SN (96.96%); TL (3.04%)
1192,HRTLEPL,GC (26.09%); NT (73.91%)
1193,HRTW,SR (100.0%)
1194,HSFT,GR (16.89%); NT (83.11%)
1195,HTCHEND,LO (100.0%)
1196,HTCP,NT (100.0%)
1197,HTFLASF,NT (95.86%); TP (4.14%)
1198,HTHRGRN,SE (100.0%)
1199,HTNCRNS,NT (100.0%)
1200,HTNRIBL,NT (100.0%)
1201,HTRBUS2,GW (100.0%)
1202,HTRBUS3,GW (100.0%)
1203,HTRBUS5,GW (100.0%)
1204,HTRWAPT,XR (100.0%)
1205,HUCKNAL,EM (100.0%)
1206,HULL,HT (6.83%); NT (93.17%)
1207,HUNCOAT,NT (100.0%)
1208,HUNGRFD,GW (100.0%)
1209,HUNMNBY,NT (100.0%)
1210,HUNTSX,EM (5.52%); NT (94.48%)
1211,HUYTON,NT (100.0%)
1212,HWKHEAD,SR (100.0%)
1213,HWYCOMB,CH (100.0%)
1214,HYDB,NT (100.0%)
1215,HYDEC,NT (100.0%)
1216,HYDEN,NT (100.0%)
1217,HYDNSRD,TL (100.0%)
1218,HYKEHAM,EM (100.0%)
1219,HYNDLND,SR (100.0%)
1220,HYWRDSH,GX (2.8%); SN (45.99%); TL (51.21%)
1221,IFIELD,SN (6.64%); TL (93.36%)
1222,ILFORD,XR (100.0%)
1223,ILKES,EM (21.9%); NT (78.1%)
1224,INCE,NT (100.0%)
1225,INEL,NT (100.0%)
1226,INGTSTN,LE (100.0%)
1227,INSCH,SR (100.0%)
1228,INVERKP,SR (100.0%)
1229,INVGWRE,SR (100.0%)
1230,INVRSHN,SR (100.0%)
1231,INVURIE,SR (100.0%)
1232,IPSWICH,LE (100.0%)
1233,IRLAM,EM (0.86%); NT (99.14%)
1234,IRVN,SR (100.0%)
1235,ISLEWTH,SW (100.0%)
1236,ISLIP,CH (100.0%)
1237,IVER,GW (3.24%); XR (96.76%)
1238,IVRGRD,SR (100.0%)
1239,IVRKTHG,CS (2.59%); GR (7.65%); SR (89.76%)
1240,IVRNESS,SR (100.0%)
1241,IVYBDGE,GW (100.0%)
1242,JAMCOK,NT (100.0%)
1243,JAMESST,ME (100.0%)
1244,JHNSTND,AW (100.0%)
1245,JOHNSTN,SR (100.0%)
1246,JORDANH,SR (100.0%)
1247,KCLD,CS (3.68%); GR (10.9%); SR (85.42%)
1248,KDRMNST,LM (99.63%); LS (0.37%)
1249,KEARSLY,NT (100.0%)
1250,KEIGHLY,GR (1.37%); NT (98.47%); WR (0.15%)
1251,KEITH,SR (100.0%)
1252,KELVEDN,LE (100.0%)
1253,KEMBLE,GW (99.45%); LS (0.55%)
1254,KEMSING,SE (100.0%)
1255,KENDAL,NT (100.0%)
1256,KENISHD,SR (100.0%)
1257,KENLSTN,LM (100.0%)
1258,KENNETT,LE (100.0%)
1259,KENOLYM,LO (81.96%); SN (18.04%)
1260,KENR,LO (100.0%)
1261,KENSLG,LO (30.65%); LT (69.35%)
1262,KENTHOS,SE (100.0%)
1263,KETR,EM (100.0%)
1264,KEWBDGE,SW (100.0%)
1265,KEWGRDN,LO (35.91%); LT (64.09%)
1266,KEYHAM,GW (100.0%)
1267,KEYNSCH,GW (100.0%)
1268,KEYNSHM,GW (100.0%)
1269,KGHN,SR (100.0%)
1270,KGPK,SR (100.0%)
1271,KGSTON,SW (100.0%)
1272,KGUSSIE,CS (11.71%); GR (9.37%); SR (78.92%)
1273,KGWD,SN (100.0%)
1274,KIDBROK,SE (100.0%)
1275,KIDSGRV,EM (26.42%); LM (37.32%); NT (36.26%)
1276,KIDWELY,AW (91.6%); GW (8.4%)
1277,KILDONN,SR (100.0%)
1278,KILGETY,AW (100.0%)
1279,KILMRNK,LS (1.89%); SR (98.11%)
1280,KILWNNG,SR (100.0%)
1281,KINBRAC,SR (100.0%)
1282,KINGHAM,GW (100.0%)
1283,KINSSTN,CH (47.76%); GW (52.24%)
1284,KINTORE,SR (100.0%)
1285,KIRBYX,LE (100.0%)
1286,KIRKHAM,NT (100.0%)
1287,KKSNDAL,NT (97.77%); TP (2.23%)
1288,KLBRNHR,LO (100.0%)
1289,KLDL,NT (100.0%)
1290,KLGL,LM (100.0%)
1291,KLMAURS,SR (100.0%)
1292,KLPTRCK,SR (100.0%)
1293,KMPSTNH,LM (100.0%)
1294,KMPTNPK,SW (100.0%)
1295,KMSLY,SE (100.0%)
1296,KNCKHLT,SE (100.0%)
1297,KNEBWTH,GN (0.27%); TL (99.73%)
1298,KNGW,SR (100.0%)
1299,KNGX,GN (66.67%); TL (33.33%)
1300,KNIGHTN,AW (100.0%)
1301,KNLY,SN (100.0%)
1302,KNLYBUS,SN (100.0%)
1303,KNORTON,LM (100.0%)
1304,KNRSBGH,NT (100.0%)
1305,KNTBRY,GW (100.0%)
1306,KNTNGLY,NT (100.0%)
1307,KNTSHTN,TL (100.0%)
1308,KNTSHTW,LO (100.0%)
1309,KNUCKLS,AW (100.0%)
1310,KNUTSFD,NT (100.0%)
1311,KNYMPTN,GW (100.0%)
1312,KRKBYIF,NT (100.0%)
1313,KRKC,LS (2.44%); SR (97.56%)
1314,KRKDALE,ME (100.0%)
1315,KRKH,SR (100.0%)
1316,KRKNWTN,SR (100.0%)
1317,KRKSLFR,NT (100.0%)
1318,KRKWOOD,SR (100.0%)
1319,KRKYCEN,EM (100.0%)
1320,KSNY,SE (100.0%)
1321,KSTP,NT (100.0%)
1322,KTBK,NT (100.0%)
1323,KTON,LO (46.14%); LT (53.86%)
1324,KVTNBDG,NT (100.0%)
1325,KVTNPK,NT (100.0%)
1326,KYLEAKN,SR (100.0%)
1327,LADYBNK,SR (100.0%)
1328,LAINDON,CC (100.0%)
1329,LAIRG,SR (100.0%)
1330,LAKEIOW,IL (100.0%)
1331,LAKNHTH,LE (100.0%)
1332,LAMBH,SR (100.0%)
1333,LAMPHEY,AW (100.0%)
1334,LANCSTR,NT (36.23%); TP (26.23%); VT (37.54%)
1335,LANDUDJ,AW (83.75%); VT (16.25%)
1336,LANFRFC,AW (100.0%)
1337,LANGLEY,GW (5.56%); XR (94.44%)
1338,LAPFORD,GW (100.0%)
1339,LAPWRTH,CH (64.96%); LM (35.04%)
1340,LARBERT,SR (100.0%)
1341,LARKHAL,SR (100.0%)
1342,LAWRNCH,GW (100.0%)
1343,LAYTON,NT (100.0%)
1344,LAZKRKO,NT (100.0%)
1345,LBDR,AW (100.0%)
1346,LBGHJN,TL (100.0%)
1347,LCEILOB,SR (100.0%)
1348,LCHALRT,SR (100.0%)
1349,LCHC,LM (100.0%)
1350,LCHESDE,SR (100.0%)
1351,LCHGLLY,SR (100.0%)
1352,LCHLCHR,SR (100.0%)
1353,LCHTTVL,LM (78.1%); VT (21.9%)
1354,LCHWNCH,SR (100.0%)
1355,LCKRBIE,TP (81.55%); VT (18.45%)
1356,LDBURY,GW (25.12%); LM (74.88%)
1357,LDLNGTN,LM (100.0%)
1358,LDYW,SE (100.0%)
1359,LEABDGE,LE (100.0%)
1360,LEAGRVE,TL (100.0%)
1361,LEAHALL,LM (100.0%)
1362,LEALHLM,NT (100.0%)
1363,LEASOWE,ME (100.0%)
1364,LEEDS,GR (9.15%); NT (25.47%); TP (50.99%); WR (0.11%); XC (14.3%)
1365,LEEE,SE (100.0%)
1366,LEGR,NT (62.41%); TP (37.59%)
1367,LEIGBUS,SN (100.0%)
1368,LEIGHK,SN (100.0%)
1369,LELANT,GW (100.0%)
1370,LELANTS,GW (100.0%)
1371,LENHAM,SE (100.0%)
1372,LENZIE,SR (100.0%)
1373,LEOMNST,AW (100.0%)
1374,LESTER,EM (84.01%); XC (15.99%)
1375,LETHRHD,SN (48.61%); SW (51.39%)
1376,LEUCHRS,CS (5.01%); GR (14.83%); SR (80.16%)
1377,LEWES,SN (100.0%)
1378,LEWISHM,SE (100.0%)
1379,LEYLAND,NT (100.0%)
1380,LEYTNMR,LO (100.0%)
1381,LFPW,AW (100.0%)
1382,LGBK,SR (100.0%)
1383,LGFD,SE (100.0%)
1384,LGHO,NT (100.0%)
1385,LGML,EM (19.21%); NT (80.79%)
1386,LGRN,CH (1.19%); LM (98.81%)
1387,LGWITH,EM (100.0%)
1388,LGWOOD,LE (100.0%)
1389,LHONSEA,CC (100.0%)
1390,LHVN,SN (11.13%); TL (88.87%)
1391,LIMHSE,CC (100.0%)
1392,LINCLNC,EM (100.0%)
1393,LINGFLD,SN (95.42%); TL (4.58%)
1394,LIPHOOK,SW (100.0%)
1395,LISKARD,GW (95.03%); XC (4.97%)
1396,LISS,SW (100.0%)
1397,LITLBRO,NT (100.0%)
1398,LIVST,LE (100.0%)
1399,LIVSTLL,XR (100.0%)
1400,LKWD,NT (100.0%)
1401,LLANDAF,AW (100.0%)
1402,LLBRDCH,AW (100.0%)
1403,LLBSTRD,AW (100.0%)
1404,LLDEILO,AW (100.0%)
1405,LLDODW,AW (100.0%)
1406,LLDVERY,AW (100.0%)
1407,LLDYBIE,AW (100.0%)
1408,LLGADOG,AW (100.0%)
1409,LLGMMRW,AW (100.0%)
1410,LLGNNCH,AW (100.0%)
1411,LLGUNLO,AW (100.0%)
1412,LLHARAN,AW (100.0%)
1413,LLHLETH,AW (100.0%)
1414,LLISHEN,AW (100.0%)
1415,LLNLLI,AW (94.13%); GW (5.87%)
1416,LLNSMLT,AW (100.0%)
1417,LLNWTMR,AW (100.0%)
1418,LLWRDA,AW (100.0%)
1419,LLWRTYW,AW (100.0%)
1420,LLWYNYP,AW (100.0%)
1421,LMNGTNS,CH (63.4%); XC (36.6%)
1422,LNAB,AW (100.0%)
1423,LNCG,SN (98.89%); TL (1.11%)
1424,LNDC,AW (100.0%)
1425,LNDNBDC,TL (100.0%)
1426,LNDNBDE,SE (73.34%); TL (26.66%)
1427,LNDW,AW (100.0%)
1428,LNDYW,LM (100.0%)
1429,LNGBKBY,LM (100.0%)
1430,LNGCROS,SW (100.0%)
1431,LNGEATN,EM (67.3%); XC (32.7%)
1432,LNGNDRY,SR (100.0%)
1433,LNGP,EM (20.72%); LM (74.47%); NT (4.8%)
1434,LNLTHGW,SR (100.0%)
1435,LNRWST,AW (100.0%)
1436,LNSD,SR (100.0%)
1437,LNTN,EM (100.0%)
1438,LOCHAWE,SR (100.0%)
1439,LOGHBRO,EM (100.0%)
1440,LONB,LM (100.0%)
1441,LONFLDS,LO (100.0%)
1442,LONGBCK,NT (100.0%)
1443,LOSTCKP,NT (100.0%)
1444,LOWDHAM,EM (100.0%)
1445,LOWMOOR,GC (14.21%); NT (85.79%)
1446,LPRESTN,NT (100.0%)
1447,LRDGFD,SW (100.0%)
1448,LRNCKRK,SR (100.0%)
1449,LSTG,NT (100.0%)
1450,LSTH,NT (100.0%)
1451,LSTWTHL,GW (98.49%); XC (1.51%)
1452,LSYDNHM,SE (100.0%)
1453,LTCE,GN (16.91%); TL (83.09%)
1454,LTHH,AW (100.0%)
1455,LTLHMPT,SN (98.18%); TL (1.82%)
1456,LTLKMBL,CH (100.0%)
1457,LTLPORT,GN (96.73%); LE (3.27%)
1458,LTLSUTN,ME (100.0%)
1459,LTNBZRD,LM (100.0%)
1460,LUDLOW,AW (100.0%)
1461,LUDO,AW (100.0%)
1462,LUTOAPY,EM (22.57%); TL (77.43%)
1463,LUTON,EM (28.21%); TL (71.79%)
1464,LUXULYN,GW (100.0%)
1465,LVHM,NT (100.0%)
1466,LVNSTNN,SR (100.0%)
1467,LVNSTNS,SR (100.0%)
1468,LVRPLCH,ME (100.0%)
1469,LVRPLCL,ME (100.0%)
1470,LVRPLSH,NT (18.18%); TP (81.82%)
1471,LVRPLSL,ME (100.0%)
1472,LVRPSPY,ME (100.0%)
1473,LWBY,NT (100.0%)
1474,LYDNEY,AW (68.82%); XC (31.18%)
1475,LYEE,CH (1.19%); LM (98.81%)
1476,LYMPSTC,GW (100.0%)
1477,LYMPSTN,GW (100.0%)
1478,LYNDHRD,SW (100.0%)
1479,LYNGRIL,AW (100.0%)
1480,LYTHAM,NT (100.0%)
1481,LYTNSHR,LO (100.0%)
1482,MACLSFD,NT (31.78%); VT (31.98%); XC (36.24%)
1483,MAESTER,AW (100.0%)
1484,MAESTGW,AW (100.0%)
1485,MAGHNTH,ME (100.0%)
1486,MAGHULL,ME (100.0%)
1487,MALDENM,SW (100.0%)
1488,MALTON,TP (100.0%)
1489,MANEA,LE (71.7%); XC (28.3%)
1490,MANNGTR,LE (100.0%)
1491,MANORS,NT (100.0%)
1492,MANRPK,XR (100.0%)
1493,MARDEN,SE (100.0%)
1494,MARGATE,SE (100.0%)
1495,MARLOW,GW (100.0%)
1496,MARPLE,NT (100.0%)
1497,MARTON,NT (100.0%)
1498,MASH,AW (100.0%)
1499,MATLCKB,EM (100.0%)
1500,MAXWLPK,SR (100.0%)
1501,MAYBOLE,SR (100.0%)
1502,MAZEH,SE (59.51%); TL (40.49%)
1503,MBRK,SW (100.0%)
1504,MCHLDVR,SW (100.0%)
1505,MCHYNLT,AW (100.0%)
1506,MCKLFLD,NT (100.0%)
1507,MDLSBRO,NT (74.54%); TP (25.46%)
1508,MDNHEAD,GW (50.85%); XR (49.15%)
1509,MDNNWTN,GW (100.0%)
1510,MDWD,NT (100.0%)
1511,MEADWHL,NT (89.89%); TP (10.11%)
1512,MELDRTH,GN (6.19%); TL (93.81%)
1513,MELKSHM,GW (100.0%)
1514,MELROSE,XC (100.0%)
1515,MELS,ME (100.0%)
1516,MELTON,LE (100.0%)
1517,MENHENT,GW (100.0%)
1518,MENSTON,NT (100.0%)
1519,MEOLSCP,NT (100.0%)
1520,MEOPHAM,SE (100.0%)
1521,MERSTHM,SN (45.26%); TL (54.74%)
1522,MERTHRV,AW (100.0%)
1523,MEXBRGH,NT (100.0%)
1524,MFAM,AW (100.0%)
1525,MFLDTWN,EM (100.0%)
1526,MFLDWSE,EM (100.0%)
1527,MHERON,SW (100.0%)
1528,MIDGHAM,GW (100.0%)
1529,MILKNPK,SR (100.0%)
1530,MINEBAN,GW (100.0%)
1531,MINEPAR,GW (100.0%)
1532,MINFORD,AW (100.0%)
1533,MINMARS,GW (100.0%)
1534,MINSTER,SE (100.0%)
1535,MIRFILD,GC (11.33%); NT (43.06%); TP (45.61%)
1536,MISTLEY,LE (100.0%)
1537,MITCHMJ,SN (55.15%); TL (44.85%)
1538,MKIN,SR (100.0%)
1539,MKNSCEN,LM (58.57%); LS (0.05%); VT (41.39%)
1540,MKTR,EM (100.0%)
1541,MLBRKB,LM (100.0%)
1542,MLDSWTH,NT (100.0%)
1543,MLDTHRD,NT (98.1%); TP (1.9%)
1544,MLFDHVN,AW (100.0%)
1545,MLFORD,SW (100.0%)
1546,MLGV,SR (100.0%)
1547,MLHB,TL (100.0%)
1548,MLHL,NT (100.0%)
1549,MLLF,TW (100.0%)
1550,MLLM,NT (100.0%)
1551,MLSECMB,SN (100.0%)
1552,MLSHILL,NT (100.0%)
1553,MLTNSDG,EM (8.61%); XC (91.39%)
1554,MLVRNLK,GW (49.45%); LM (50.55%)
1555,MMIL,SE (100.0%)
1556,MNCRDGT,NT (100.0%)
1557,MNCRIAP,AW (0.15%); NT (93.74%); TP (6.11%)
1558,MNCROXR,AW (13.86%); EM (9.53%); NT (56.5%); TP (20.11%)
1559,MNCRPIC,AW (10.86%); EM (9.41%); NT (56.53%); TP (23.2%)
1560,MNCRVIC,NT (70.74%); TP (29.26%)
1561,MNKRISB,CH (100.0%)
1562,MNORBER,AW (100.0%)
1563,MNRD,ME (100.0%)
1564,MNTVRNN,SR (100.0%)
1565,MOBERLY,NT (100.0%)
1566,MOCHARD,GW (100.0%)
1567,MONIFTH,SR (100.0%)
1568,MONPELR,GW (100.0%)
1569,MONTRSE,CS (5.91%); GR (17.49%); SR (71.87%); XC (4.73%)
1570,MORAR,SR (100.0%)
1571,MORCAME,NT (100.0%)
1572,MORDENS,TL (100.0%)
1573,MORETON,SW (100.0%)
1574,MORFLDS,ME (100.0%)
1575,MORFNL,ME (100.0%)
1576,MORTHRP,NT (100.0%)
1577,MOSSLEY,TP (100.0%)
1578,MOTFONT,SW (100.0%)
1579,MOTHRWL,CS (2.76%); GR (1.38%); SR (62.62%); TP (14.14%); VT (15.46%); XC (3.64%)
1580,MOTNGHM,SE (100.0%)
1581,MOTO,ME (100.0%)
1582,MOTSPRP,SW (100.0%)
1583,MOYY,SR (100.0%)
1584,MPRT,NT (100.0%)
1585,MRCH,EM (13.51%); LE (29.34%); XC (57.14%)
1586,MRGT,GN (100.0%)
1587,MRKSTEY,LE (100.0%)
1588,MRKTHRB,EM (100.0%)
1589,MRLY,NT (44.29%); TP (55.71%)
1590,MRPTHRP,GR (27.22%); LD (20.42%); NT (7.38%); TP (20.3%); XC (24.68%)
1591,MRRYTON,SR (100.0%)
1592,MRSD,NT (100.0%)
1593,MRSK,NT (100.0%)
1594,MRSN,TP (99.52%); ZZ (0.48%)
1595,MRSTNGR,LM (100.0%)
1596,MRTLKE,SW (100.0%)
1597,MRYHILL,SR (100.0%)
1598,MRYLAND,XR (100.0%)
1599,MSELBGH,SR (100.0%)
1600,MSGT,NT (100.0%)
1601,MSLH,NT (100.0%)
1602,MSSD,NT (100.0%)
1603,MSSPARK,SR (100.0%)
1604,MSTN,NT (100.0%)
1605,MSTONEB,SE (100.0%)
1606,MSTONEE,SE (100.0%)
1607,MSTONEW,SE (100.0%)
1608,MTFL,SR (100.0%)
1609,MTHRNGH,EM (100.0%)
1610,MTIMER,GW (100.0%)
1611,MUIREND,SR (100.0%)
1612,MUROORD,SR (100.0%)
1613,MWRWSTN,LE (100.0%)
1614,MYTHLMR,NT (100.0%)
1615,NABT,GW (82.99%); XC (16.95%); ZZ (0.06%)
1616,NAFERTN,NT (100.0%)
1617,NAILSEA,GW (100.0%)
1618,NAIRN,SR (100.0%)
1619,NANTWCH,AW (100.0%)
1620,NARBRO,XC (100.0%)
1621,NAVGTNR,NT (100.0%)
1622,NBARNET,GN (86.06%); TL (13.94%)
1623,NBCKNHM,SE (100.0%)
1624,NBRWGE,AW (100.0%)
1625,NCRAGHA,SR (100.0%)
1626,NDULWCH,SN (100.0%)
1627,NEATH,AW (47.49%); GW (52.51%)
1628,NEEDHAM,LE (100.0%)
1629,NESTON,AW (100.0%)
1630,NETHRTN,NT (100.0%)
1631,NETLEY,SN (8.98%); SW (91.02%)
1632,NEWANG,EM (1.2%); GR (98.8%)
1633,NEWBRYR,GW (99.74%); WR (0.26%)
1634,NEWBURY,GW (98.63%); WR (0.69%); ZZ (0.69%)
1635,NEWCLEE,EM (100.0%)
1636,NEWHVNH,SN (100.0%)
1637,NEWHVNT,SN (100.0%)
1638,NEWLANE,NT (100.0%)
1639,NEWMLDN,SW (100.0%)
1640,NEWNGTN,SE (98.63%); ZZ (1.37%)
1641,NEWPRTE,LE (100.0%)
1642,NEWSGAT,GN (85.96%); TL (14.04%)
1643,NEWXGEL,LO (100.0%)
1644,NEWXGTE,LO (65.07%); SN (34.93%)
1645,NHOL,EM (100.0%)
1646,NINIANP,AW (100.0%)
1647,NITSH,SR (100.0%)
1648,NLANRST,AW (100.0%)
1649,NLRT478,GC (100.0%)
1650,NLRTN,GC (12.77%); GR (25.15%); TP (62.08%)
1651,NLSN,NT (100.0%)
1652,NMBRLPK,LE (100.0%)
1653,NMILTON,SW (100.0%)
1654,NMPTN,LM (97.57%); VT (2.43%)
1655,NNRYSQU,SJ (100.0%)
1656,NNTN,LM (30.51%); LS (0.09%); VT (12.19%); XC (57.21%)
1657,NORBURY,SN (100.0%)
1658,NORMNTN,NT (99.51%); WR (0.49%)
1659,NORWDJ,LO (34.08%); SN (49.32%); TL (16.6%)
1660,NPUD,NT (100.0%)
1661,NQNSFRY,SR (100.0%)
1662,NRBERTH,AW (100.0%)
1663,NRBITON,SW (100.0%)
1664,NRMNSBY,SN (100.0%)
1665,NRTF,LM (100.0%)
1666,NRTHCA,SE (88.66%); TL (11.34%)
1667,NRTHFLT,SE (51.05%); TL (48.95%)
1668,NSHEEN,SW (100.0%)
1669,NSTCYRE,GW (100.0%)
1670,NTHCAMP,GW (100.0%)
1671,NTHOLTP,CH (100.0%)
1672,NTHRFLD,EM (100.0%)
1673,NTHWICH,NT (100.0%)
1674,NTNG,EM (100.0%)
1675,NTRD,NT (100.0%)
1676,NUNHEAD,SE (43.67%); TL (56.33%)
1677,NUNTHRP,NT (100.0%)
1678,NUTBBUS,SN (100.0%)
1679,NUTBORN,SN (100.0%)
1680,NUTFBUS,SN (100.0%)
1681,NUTFILD,SN (100.0%)
1682,NWALSHM,LE (100.0%)
1683,NWCMNCK,LS (2.44%); SR (97.56%)
1684,NWCOURT,GW (100.0%)
1685,NWCROSS,SE (100.0%)
1686,NWCSRC,TW (100.0%)
1687,NWCSTLE,GR (39.77%); LD (6.24%); NT (35.12%); TP (1.02%); WR (0.07%); XC (17.77%)
1688,NWCSTLL,TW (100.0%)
1689,NWELTHM,SE (100.0%)
1690,NWEMBLY,LO (46.14%); LT (53.86%)
1691,NWHYTHE,SE (100.0%)
1692,NWMILSC,NT (100.0%)
1693,NWMILSN,NT (100.0%)
1694,NWMKET,LE (100.0%)
1695,NWPTRTG,AW (33.83%); GW (52.68%); LS (0.04%); XC (13.45%)
1696,NWRKCAS,EM (100.0%)
1697,NWSTEAD,EM (100.0%)
1698,NWTA,NT (100.0%)
1699,NWTGRNG,SR (100.0%)
1700,NWTH,NT (100.0%)
1701,NWTL,SR (100.0%)
1702,NWTLWJ,SR (100.0%)
1703,NWTM,CS (29.24%); GR (2.34%); SR (68.42%)
1704,NWTNLW,AW (26.2%); NT (52.68%); TP (21.11%)
1705,NWTOA,SR (100.0%)
1706,NWTP,AW (100.0%)
1707,OAKHAM,EM (14.7%); XC (85.3%)
1708,OAKNGTS,AW (3.24%); LM (96.76%)
1709,OBAN,SR (100.0%)
1710,OCKENDN,CC (100.0%)
1711,OCKLYAC,SN (100.0%)
1712,OKLGHPK,GN (85.96%); TL (14.04%)
1713,OLDFLBR,GW (100.0%)
1714,OLDFLDP,GW (100.0%)
1715,OLDROAN,ME (100.0%)
1716,OLDST,GN (100.0%)
1717,OLHL,CH (1.18%); LM (98.82%)
1718,OLTON,CH (5.7%); LM (94.3%)
1719,OPOL,ME (100.0%)
1720,OREE,SN (100.0%)
1721,ORELPKH,ME (100.0%)
1722,ORPNGTN,SE (100.0%)
1723,ORRELL,NT (100.0%)
1724,OTFORD,SE (49.71%); TL (50.29%)
1725,OULTNBN,LE (100.0%)
1726,OULTNBS,LE (100.0%)
1727,OUTWOOD,NT (100.0%)
1728,OVTN,SW (100.0%)
1729,OXENHLM,NT (14.74%); TP (37.74%); VT (47.52%)
1730,OXFD,CH (0.81%); GW (62.75%); XC (36.33%); ZZ (0.12%)
1731,OXFPWAY,CH (99.86%); ZZ (0.14%)
1732,OXMRSHX,EM (100.0%)
1733,OXSHOTT,SW (100.0%)
1734,OXTED,SN (96.77%); TL (3.23%)
1735,PADGATE,NT (100.0%)
1736,PAIGNTN,LS (100.0%)
1737,PALL,TW (100.0%)
1738,PALMRSG,GN (100.0%)
1739,PANGBRN,GW (100.0%)
1740,PANNAL,NT (100.0%)
1741,PARBOLD,NT (100.0%)
1742,PARR,GW (97.78%); XC (2.22%)
1743,PARSNST,GW (100.0%)
1744,PARTON,NT (100.0%)
1745,PATCHWY,GW (100.0%)
1746,PATERTN,SR (100.0%)
1747,PBRO,EM (17.1%); GR (63.43%); TL (0.03%); XC (19.31%); ZZ (0.13%)
1748,PBROKLB,GR (100.0%)
1749,PBROSTI,GR (100.0%)
1750,PBRT,NT (100.0%)
1751,PCHESTR,GW (0.74%); SN (28.48%); SW (70.78%)
1752,PCKHMQD,LO (54.0%); SN (46.0%)
1753,PCKHMRY,SE (43.67%); TL (56.33%)
1754,PEARTRE,EM (100.0%)
1755,PEGSWD,NT (100.0%)
1756,PELAWTW,TW (100.0%)
1757,PEMBRKD,AW (100.0%)
1758,PEMBROK,AW (100.0%)
1759,PENARTH,AW (100.0%)
1760,PENCOED,AW (100.0%)
1761,PENEW,LO (68.12%); SN (31.88%)
1762,PENGAM,AW (100.0%)
1763,PENHELG,AW (100.0%)
1764,PENISTN,NT (100.0%)
1765,PENMERE,GW (100.0%)
1766,PENYCHN,AW (100.0%)
1767,PENZNCE,GW (100.0%)
1768,PERANWL,GW (100.0%)
1769,PERSHOR,GW (100.0%)
1770,PERTH,CS (5.69%); GR (4.56%); SR (89.75%)
1771,PETSWD,SE (91.36%); TL (8.64%)
1772,PEWSEY,GW (100.0%)
1773,PHBR,SW (100.0%)
1774,PHLD,SR (100.0%)
1775,PICKLEV,NY (100.0%)
1776,PILNING,GW (100.0%)
1777,PINHOE,GW (1.94%); SW (98.06%)
1778,PITSEA,CC (100.0%)
1779,PKHMRYC,LO (54.0%); SN (46.0%)
1780,PKST,LM (100.0%)
1781,PKWD,SE (100.0%)
1782,PLKLHDE,SR (100.0%)
1783,PLKLHDW,SR (100.0%)
1784,PLKSHWE,SR (100.0%)
1785,PLKSHWW,SR (100.0%)
1786,PLMPTON,SN (100.0%)
1787,PLMS,SE (73.25%); TL (26.75%)
1788,PLOCKTN,SR (100.0%)
1789,PLSNGTN,NT (100.0%)
1790,PLTH,SR (100.0%)
1791,PLTNLFY,NT (100.0%)
1792,PLUCKLY,SE (100.0%)
1793,PLUMLEY,NT (100.0%)
1794,PLYMTH,GW (95.73%); XC (3.84%); ZZ (0.43%)
1795,PMBRYBP,AW (93.06%); GW (6.94%)
1796,PNALLY,AW (100.0%)
1797,PNDRSEN,LE (100.0%)
1798,PNGEE,SE (100.0%)
1799,PNKRDG,LM (100.0%)
1800,PNMNMWR,AW (100.0%)
1801,PNRHCBR,AW (100.0%)
1802,PNSHBUS,SN (100.0%)
1803,PNSHRST,SN (100.0%)
1804,PNTADLS,AW (100.0%)
1805,PNTH,TP (49.35%); VT (50.65%)
1806,PNTLTYN,AW (100.0%)
1807,PNTRBCH,AW (100.0%)
1808,PNTYFYN,AW (100.0%)
1809,PNYF,AW (100.0%)
1810,PNYPANT,AW (100.0%)
1811,POKSDWN,SW (100.0%)
1812,POLGATE,SN (100.0%)
1813,POLMONT,SR (100.0%)
1814,POLSBDG,GW (100.0%)
1815,PONTYPL,AW (100.0%)
1816,PONYCLN,AW (100.0%)
1817,POOLE,SW (100.0%)
1818,POPLTON,NT (100.0%)
1819,PORH,AW (100.0%)
1820,PORTREE,SR (100.0%)
1821,POSILPK,SR (100.0%)
1822,POTRSBR,GN (52.44%); TL (47.45%); ZZ (0.11%)
1823,POYNTON,NT (100.0%)
1824,PPAN,SR (100.0%)
1825,PREES,AW (100.0%)
1826,PRESCOT,NT (100.0%)
1827,PRHN,AW (100.0%)
1828,PRINRIS,CH (100.0%)
1829,PRITLWL,LE (100.0%)
1830,PRKSTON,LE (100.0%)
1831,PRNCSTG,SR (100.0%)
1832,PRSP,GX (4.7%); SN (37.5%); TL (57.67%); ZZ (0.13%)
1833,PRST,CS (0.8%); NT (63.76%); TP (13.0%); VT (22.45%)
1834,PRTHMDG,AW (100.0%)
1835,PRTSMTA,GW (100.0%)
1836,PRUDHOE,NT (100.0%)
1837,PRYBR,LM (100.0%)
1838,PRYN,GW (100.0%)
1839,PSBY,NT (100.0%)
1840,PSEA,GW (16.31%); SN (21.87%); SW (61.82%)
1841,PSLDAWH,SN (99.0%); TL (1.0%)
1842,PSLT,ME (100.0%)
1843,PSLYGST,SR (100.0%)
1844,PSLYSTJ,SR (100.0%)
1845,PSRN,AW (100.0%)
1846,PSTA,AW (86.45%); VT (13.55%)
1847,PSTONE,SW (100.0%)
1848,PTALBOT,AW (49.29%); GW (50.71%)
1849,PTCK,SR (100.0%)
1850,PTFTBHL,NT (100.0%)
1851,PTFTMHL,GC (7.1%); NT (92.9%)
1852,PTFTTSF,NT (100.0%)
1853,PTGLSGW,SR (100.0%)
1854,PTLCHRY,CS (11.71%); GR (9.37%); SR (78.92%)
1855,PTRCRFT,NT (100.0%)
1856,PTRSFLD,SW (100.0%)
1857,PTYPRID,AW (100.0%)
1858,PULBRO,SN (100.0%)
1859,PURFLET,CC (100.0%)
1860,PURLEY,SN (71.04%); TL (28.96%)
1861,PURLEYO,SN (100.0%)
1862,PUTNEY,SW (100.0%)
1863,PVNSYAW,SN (100.0%)
1864,PVNSYBY,SN (100.0%)
1865,PWCK,SR (100.0%)
1866,PWCKAPT,SR (100.0%)
1867,PWTH,LM (100.0%)
1868,PYBONT,AW (100.0%)
1869,PYECRNR,AW (100.0%)
1870,PYLE,AW (100.0%)
1871,QNTRLDW,GW (100.0%)
1872,QPRK,LO (30.97%); LT (69.03%)
1873,QTRDBAT,SW (100.0%)
1874,QUAKRSY,AW (100.0%)
1875,QUENBRO,SE (100.0%)
1876,QUNPARK,SR (100.0%)
1877,RADLETT,TL (100.0%)
1878,RADNOT,EM (100.0%)
1879,RADYR,AW (100.0%)
1880,RAINHMK,SE (100.0%)
1881,RAMSGTE,SE (100.0%)
1882,RANNOCH,CS (38.17%); SR (61.83%)
1883,RAUCEBY,EM (100.0%)
1884,RAWCLIF,NT (100.0%)
1885,RAYLEGH,LE (100.0%)
1886,RAYNSPK,SW (100.0%)
1887,RBRN,TL (100.0%)
1888,RBRTSBD,SE (100.0%)
1889,RBRYSTN,SR (100.0%)
1890,RCHDALE,NT (100.0%)
1891,RCHE,GW (100.0%)
1892,RCHT,SE (70.7%); TL (29.3%)
1893,RCKMNSW,CH (100.0%)
1894,RCTRYRD,LO (100.0%)
1895,RDHAMN,LE (100.0%)
1896,RDLEY,GW (100.0%)
1897,RDLSDWN,SN (97.68%); TL (2.32%)
1898,RDNGSTN,GW (94.63%); WR (0.06%); XC (5.2%); ZZ (0.11%)
1899,REDBDGE,SW (100.0%)
1900,REDCARC,NT (93.2%); TP (6.8%)
1901,REDCARE,NT (100.0%)
1902,REDGWST,GW (100.0%)
1903,REDHILL,GW (14.87%); SN (30.42%); TL (54.71%)
1904,REDISHN,NT (100.0%)
1905,REDISHS,NT (100.0%)
1906,REDLAND,GW (100.0%)
1907,REDRUTH,GW (94.74%); XC (5.26%)
1908,REEDHMS,SN (100.0%)
1909,REIGATE,GW (100.0%)
1910,RENTON,SR (100.0%)
1911,RESTSTN,GR (14.63%); TP (85.37%)
1912,RGHTNRD,LE (100.0%)
1913,RGLS,NT (100.0%)
1914,RHIL,NT (100.0%)
1915,RHIWBNA,AW (100.0%)
1916,RHOOSE,AW (100.0%)
1917,RHOSNGR,AW (100.0%)
1918,RHYL,AW (82.33%); VT (17.67%)
1919,RIBLHED,NT (100.0%)
1920,RICELA,ME (100.0%)
1921,RICHMND,SW (100.0%)
1922,RICHNLL,LT (100.0%)
1923,RIDGMNT,LM (100.0%)
1924,RIDNGML,NT (100.0%)
1925,RISCA,AW (100.0%)
1926,RISHTON,NT (100.0%)
1927,RMSWILP,NT (100.0%)
1928,RNFD,NT (100.0%)
1929,RNHAME,CC (100.0%)
1930,ROBY,NT (100.0%)
1931,ROCHFD,LE (100.0%)
1932,ROCKFRY,ME (100.0%)
1933,ROGART,SR (100.0%)
1934,ROGRSTN,AW (100.0%)
1935,ROLSTN,EM (100.0%)
1936,ROMANBG,AW (100.0%)
1937,ROMFORD,LE (15.27%); XR (84.73%)
1938,ROMILEY,NT (100.0%)
1939,ROMSEY,GW (50.21%); SW (49.79%)
1940,ROOSE,NT (100.0%)
1941,ROSG,NT (100.0%)
1942,ROSYTH,SR (100.0%)
1943,ROTHCEN,NT (44.88%); SJ (54.53%); TP (0.6%)
1944,ROWLEYR,CH (4.93%); LM (95.07%)
1945,ROYBDGE,CS (38.17%); SR (61.83%)
1946,ROYDON,LE (100.0%)
1947,ROYSTON,GN (15.6%); TL (84.4%)
1948,RSKNGTN,EM (100.0%)
1949,RTFD,GR (61.41%); HT (38.31%); ZZ (0.29%)
1950,RTFDLL,NT (100.0%)
1951,RTHERHI,LO (100.0%)
1952,RTHGLEN,SR (100.0%)
1953,RTHP,NT (10.8%); TP (89.2%)
1954,RUABON,AW (100.0%)
1955,RUFDORD,NT (100.0%)
1956,RUGBY,LM (66.54%); LS (0.07%); VT (33.39%)
1957,RUGL,LM (100.0%)
1958,RUGLTWN,LM (100.0%)
1959,RUNCORN,AW (20.18%); LM (41.49%); VT (38.34%)
1960,RUNCRNE,AW (72.28%); NT (27.72%)
1961,RUSWARP,NT (97.96%); NY (2.04%)
1962,RWLNDSC,SW (100.0%)
1963,RYDE,IL (100.0%)
1964,RYDRBRW,NT (100.0%)
1965,RYDS,IL (100.0%)
1966,RYEE,SN (100.0%)
1967,RYEHOUS,LE (100.0%)
1968,SABR,NT (100.0%)
1969,SACTON,LO (100.0%)
1970,SADWRD,GW (100.0%)
1971,SAIR,NT (100.0%)
1972,SALFDS,SN (11.48%); TL (88.52%)
1973,SALHOUS,LE (100.0%)
1974,SALWICK,NT (100.0%)
1975,SANDH,ME (100.0%)
1976,SANKEY,NT (100.0%)
1977,SANQHAR,SR (100.0%)
1978,SARN,AW (100.0%)
1979,SASH,GW (100.0%)
1980,SAXILBY,EM (20.1%); NT (79.9%)
1981,SBCH,NT (100.0%)
1982,SBDGWTH,LE (100.0%)
1983,SBOUBUS,SN (100.0%)
1984,SBOURNE,SN (100.0%)
1985,SBRMNDS,SN (100.0%)
1986,SBRN,TP (100.0%)
1987,SBROUGH,EM (100.0%)
1988,SBURY,LO (100.0%)
1989,SBYD,TP (99.66%); ZZ (0.34%)
1990,SCARBRO,NT (100.0%)
1991,SCNTHRP,TP (100.0%)
1992,SCROYDN,SN (91.65%); TL (8.35%)
1993,SCSCLDR,SR (100.0%)
1994,SCTSTNH,SR (100.0%)
1995,SDAL,NT (100.0%)
1996,SDBRYHH,CH (100.0%)
1997,SDBRYHR,CH (100.0%)
1998,SDLG,SE (100.0%)
1999,SDON,GW (100.0%)
2000,SDPLACE,GW (100.0%)
2001,SDRSFOT,AW (100.0%)
2002,SDSD,SN (95.47%); TL (4.53%)
2003,SEABURN,TW (100.0%)
2004,SEAHAM,NT (100.0%)
2005,SEAMER,NT (48.24%); TP (51.76%)
2006,SEASCAL,NT (100.0%)
2007,SEERGRN,CH (100.0%)
2008,SELAFLD,NT (100.0%)
2009,SELBY,GR (2.58%); HT (13.89%); NT (51.37%); TP (32.16%)
2010,SELHRST,SN (100.0%)
2011,SELLING,SE (100.0%)
2012,SELMSAL,NT (100.0%)
2013,SELYOAK,LM (100.0%)
2014,SEMILLS,GW (100.0%)
2015,SESAA26,SN (100.0%)
2016,SESARDM,SN (100.0%)
2017,SETNCRW,NT (100.0%)
2018,SETTLE,NT (100.0%)
2019,SEVNSIS,LE (5.55%); LO (94.45%)
2020,SEVTNLJ,AW (29.96%); GW (64.82%); XC (5.22%)
2021,SFRTHAL,ME (100.0%)
2022,SGFORD,GW (100.0%)
2023,SGOS,TW (100.0%)
2024,SGRLOAF,AW (100.0%)
2025,SHADWEL,LO (100.0%)
2026,SHALFD,GW (100.0%)
2027,SHAMPTN,GW (100.0%)
2028,SHAWFD,SW (100.0%)
2029,SHBN,NT (100.0%)
2030,SHDN,NT (100.0%)
2031,SHEFARE,SJ (100.0%)
2032,SHEFCAS,SJ (100.0%)
2033,SHEFCIR,SJ (100.0%)
2034,SHEFFIT,SJ (100.0%)
2035,SHEFFLD,EM (18.93%); NT (37.6%); TP (17.2%); XC (26.27%)
2036,SHEFHYD,SJ (100.0%)
2037,SHELFD,LE (100.0%)
2038,SHENFLD,LE (100.0%)
2039,SHERBRN,SW (100.0%)
2040,SHIFNAL,AW (2.83%); LM (97.17%)
2041,SHILDMR,SR (100.0%)
2042,SHIRLEY,LM (100.0%)
2043,SHLIER,TL (100.0%)
2044,SHMPSTD,LO (100.0%)
2045,SHNS,LM (100.0%)
2046,SHOLING,SN (1.92%); SW (98.08%)
2047,SHOTTHL,AW (100.0%)
2048,SHOTTON,AW (100.0%)
2049,SHPDSB,LO (82.14%); SN (17.86%)
2050,SHPLAKE,GW (100.0%)
2051,SHPRTH,GN (6.19%); TL (93.81%)
2052,SHPY,GR (2.0%); NT (98.0%)
2053,SHRBROK,EM (100.0%)
2054,SHRDHST,LO (100.0%)
2055,SHRHMBS,SN (99.01%); TL (0.99%)
2056,SHRKSKS,NT (100.0%)
2057,SHRMKT,TL (100.0%)
2058,SHRTLND,SE (55.11%); TL (44.89%)
2059,SHRWBY,AW (100.0%)
2060,SHTLSTN,SR (100.0%)
2061,SHTT,SR (100.0%)
2062,SHVN,CS (4.51%); GR (13.36%); SR (78.52%); XC (3.61%)
2063,SHWFAIR,SR (100.0%)
2064,SHWLNDS,SR (100.0%)
2065,SIDCUP,SE (100.0%)
2066,SILCRFT,NT (100.0%)
2067,SILEBY,EM (100.0%)
2068,SINGER,SR (100.0%)
2069,SIVRST,LO (100.0%)
2070,SKENTON,LO (46.14%); LT (53.86%)
2071,SKEWEN,AW (100.0%)
2072,SKPT,NT (99.35%); WR (0.65%)
2073,SKSCMN,NT (100.0%)
2074,SLADEGN,SE (71.57%); TL (28.43%)
2075,SLATEFD,SR (100.0%)
2076,SLCT,SR (100.0%)
2077,SLEFD,EM (100.0%)
2078,SLEGHTS,NT (100.0%)
2079,SLEHOPE,CC (100.0%)
2080,SLFDCT,NT (100.0%)
2081,SLFDORD,NT (100.0%)
2082,SLOCHD,SR (100.0%)
2083,SLOUGH,GW (56.54%); XR (43.28%); ZZ (0.18%)
2084,SLSBRY,GW (44.74%); SW (55.26%)
2085,SLTHWTE,TP (100.0%)
2086,SLTMRSH,NT (100.0%)
2087,SMALBRK,IL (100.0%)
2088,SMARGRT,LE (100.0%)
2089,SMBG,NT (100.0%)
2090,SMERTON,TL (100.0%)
2091,SMILFD,NT (96.87%); TP (3.13%)
2092,SMLHTH,LM (100.0%)
2093,SMRLYTN,LE (100.0%)
2094,SMTHKRS,LM (100.0%)
2095,SNAITH,NT (100.0%)
2096,SNDHRST,GW (100.0%)
2097,SNDOWN,IL (100.0%)
2098,SNDRLND,NT (16.75%); TW (83.25%)
2099,SNDRMNK,TW (100.0%)
2100,SNDWDUD,LM (70.64%); VT (29.36%)
2101,SNDY,GN (0.35%); TL (99.65%)
2102,SNGT,SE (100.0%)
2103,SNODLND,SE (100.0%)
2104,SNWDNAN,SE (100.0%)
2105,SOAVPWY,CH (25.26%); LM (74.74%)
2106,SOHAM,LE (100.0%)
2107,SOLEST,SE (100.0%)
2108,SOLIHUL,CH (51.31%); LM (48.69%)
2109,SOTON,GW (19.82%); SW (70.36%); XC (9.82%)
2110,SOTPKWY,GW (1.01%); SN (1.01%); SW (85.33%); XC (12.64%)
2111,SOUTHPT,NT (100.0%)
2112,SPALDNG,EM (100.0%)
2113,SPDN,EM (20.51%); XC (79.49%)
2114,SPEANBD,CS (38.17%); SR (61.83%)
2115,SPFD,SR (100.0%)
2116,SPHL,LE (100.0%)
2117,SPHS,SE (100.0%)
2118,SPITAL,ME (100.0%)
2119,SPLY,NT (100.0%)
2120,SPONRRW,LE (100.0%)
2121,SPRD,LM (100.0%)
2122,SPRNGBN,SR (100.0%)
2123,SPTN,GW (100.0%)
2124,SQUIRES,NT (100.0%)
2125,SRUISLP,CH (100.0%)
2126,STAFFRD,LM (55.01%); VT (22.98%); XC (22.0%)
2127,STAINES,SW (100.0%)
2128,STALBCY,TL (100.0%)
2129,STAMFD,EM (7.21%); XC (92.79%)
2130,STAN201,LE (100.0%)
2131,STANAIR,LE (100.0%)
2132,STANMFC,LE (100.0%)
2133,STARBCK,NT (100.0%)
2134,STAS,NT (100.0%)
2135,STAUSTL,GW (94.79%); XC (5.21%)
2136,STAVELY,NT (100.0%)
2137,STBDXFR,GW (100.0%)
2138,STBDXVR,GW (100.0%)
2139,STBEES,NT (100.0%)
2140,STCKSFL,NT (100.0%)
2141,STCLMBR,GW (100.0%)
2142,STCN,SR (100.0%)
2143,STCR,SE (59.56%); TL (40.44%)
2144,STDENYS,SN (4.51%); SW (95.49%)
2145,STDI,TW (100.0%)
2146,STECHFD,LM (100.0%)
2147,STEETON,NT (100.0%)
2148,STEPPS,SR (100.0%)
2149,STERTH,GW (94.75%); XC (5.25%)
2150,STEVNGE,GN (2.18%); GR (20.31%); HT (0.22%); LD (1.94%); TL (75.26%); ZZ (0.07%)
2151,STEWRTN,SR (100.0%)
2152,STFD,CC (3.58%); LE (46.56%); XR (49.86%)
2153,STFORDI,SE (100.0%)
2154,STGRMNS,GW (100.0%)
2155,STHALL,GW (6.31%); XR (93.69%)
2156,STHBANK,NT (100.0%)
2157,STHCENT,CC (99.93%); WR (0.07%)
2158,STHEAIR,LE (100.0%)
2159,STHGYLE,SR (100.0%)
2160,STHLNSC,NT (92.0%); TP (8.0%)
2161,STHLNSJ,NT (100.0%)
2162,STHNDE,CC (99.85%); WR (0.15%)
2163,STHS,NT (100.0%)
2164,STHWICK,SN (100.0%)
2165,STIRLNG,CS (2.37%); GR (1.89%); SR (95.74%)
2166,STJAMSP,GW (100.0%)
2167,STJMSST,LO (100.0%)
2168,STJOHNS,SE (100.0%)
2169,STKEYNE,GW (100.0%)
2170,STKM,CH (100.0%)
2171,STKNWNG,LO (100.0%)
2172,STKP,AW (6.24%); EM (6.83%); NT (49.47%); TP (6.4%); VT (21.08%); XC (9.98%)
2173,STKSMR,NT (100.0%)
2174,STLEIGH,SW (100.0%)
2175,STLNRWS,SE (38.94%); SN (61.06%)
2176,STMCHLS,ME (100.0%)
2177,STMFDHL,LO (100.0%)
2178,STMGTS,SW (100.0%)
2179,STMRYC,SE (55.24%); TL (44.76%)
2180,STNBGPK,LO (46.28%); LT (53.72%)
2181,STNEOTS,GN (7.96%); TL (92.04%)
2182,STNGBRN,SE (100.0%)
2183,STNHPO,GW (100.0%)
2184,STNHSE,GW (100.0%)
2185,STOCTON,NT (100.0%)
2186,STOKEOT,EM (15.29%); LM (27.3%); VT (33.83%); WR (0.13%); XC (23.45%)
2187,STONE,LM (100.0%)
2188,STONECS,LM (100.0%)
2189,STONEGS,LM (100.0%)
2190,STOTNHM,LO (100.0%)
2191,STOW,SR (100.0%)
2192,STPLTNR,GW (100.0%)
2193,STPXBOX,TL (100.0%)
2194,STRBDGJ,CH (3.27%); LM (96.53%); LS (0.2%)
2195,STRCROS,GW (100.0%)
2196,STRETHM,SN (33.1%); TL (66.9%)
2197,STRHCOM,SN (100.0%)
2198,STRHILL,SN (100.0%)
2199,STRINES,NT (100.0%)
2200,STRMFRY,SR (100.0%)
2201,STROOD,SE (46.81%); TL (53.19%)
2202,STRUD,GW (99.46%); LS (0.54%)
2203,STRWBYH,SW (100.0%)
2204,STTNPWY,EM (100.0%)
2205,STURRY,SE (100.0%)
2206,STVNSTN,SR (100.0%)
2207,STWMRKT,LE (100.0%)
2208,STWRTBY,LM (100.0%)
2209,STWTJN,ZZ (100.0%)
2210,STYAL,NT (100.0%)
2211,SUMRSTN,SR (100.0%)
2212,SUNBURY,SW (100.0%)
2213,SUNDRTN,CH (100.0%)
2214,SUNNGDL,SW (100.0%)
2215,SUNYMDS,SW (100.0%)
2216,SURBITN,SW (100.0%)
2217,SURREYQ,LO (100.0%)
2218,SUTCO,LM (100.0%)
2219,SUTTON,SN (100.0%)
2220,SUTTONC,TL (100.0%)
2221,SVNKNGS,LE (0.27%); XR (99.73%)
2222,SVNOAKS,SE (100.0%)
2223,SWALE,SE (100.0%)
2224,SWANSEA,AW (91.16%); GW (8.84%)
2225,SWAY,SW (100.0%)
2226,SWCH,SE (100.0%)
2227,SWELL,SE (100.0%)
2228,SWINTN,NT (100.0%)
2229,SWLY,SE (59.27%); TL (40.73%)
2230,SWNACFC,WR (100.0%)
2231,SWNAHMC,WR (100.0%)
2232,SWNAHNH,WR (100.0%)
2233,SWNANDN,WR (100.0%)
2234,SWNDRBY,EM (100.0%)
2235,SWNSCMB,SE (51.05%); TL (48.95%)
2236,SWNSGD,SE (88.66%); TL (11.34%)
2237,SWNT,NT (100.0%)
2238,SWNWICK,SN (62.53%); SW (37.47%)
2239,SWRBBDG,NT (100.0%)
2240,SWSHEAD,EM (100.0%)
2241,SWYTHLN,SW (100.0%)
2242,SXMNDHM,LE (100.0%)
2243,SYDENHM,LO (78.93%); SN (21.07%)
2244,SYDNHMH,SE (100.0%)
2245,SYONLA,SW (100.0%)
2246,SYSTON,EM (100.0%)
2247,TABY,GR (1.16%); NT (75.64%); TP (23.19%)
2248,TACKLEY,CH (3.41%); GW (96.59%)
2249,TADWBUS,SN (100.0%)
2250,TADWTH,SN (100.0%)
2251,TAFFSWL,AW (100.0%)
2252,TAIN,SR (100.0%)
2253,TALB,AW (100.0%)
2254,TALYCFN,AW (100.0%)
2255,TAMEBDG,LM (100.0%)
2256,TAPLOW,GW (2.89%); XR (97.11%)
2257,TAUNTON,GW (72.91%); LS (0.8%); XC (26.29%)
2258,TAYNULT,SR (100.0%)
2259,TCULVRT,EM (100.0%)
2260,TDITTON,SW (100.0%)
2261,TEDNGTN,SW (100.0%)
2262,TEINMTH,GW (97.84%); XC (2.16%)
2263,TELFRDC,AW (42.88%); LM (54.58%); VT (2.54%)
2264,TENBY,AW (100.0%)
2265,TEYNHAM,SE (100.0%)
2266,THABBEY,EM (100.0%)
2267,THAL,SR (100.0%)
2268,THATCHM,GW (100.0%)
2269,THBDGS,SN (29.84%); TL (70.16%)
2270,THBLDSG,LO (100.0%)
2271,THEALE,GW (100.0%)
2272,THELAKS,LM (100.0%)
2273,THETFD,EM (44.48%); LE (55.52%)
2274,THFORD,GW (100.0%)
2275,THHT,NT (100.0%)
2276,THIRSK,GC (26.98%); TP (73.02%)
2277,THLB,SR (100.0%)
2278,THOK,SN (100.0%)
2279,THOPBAY,CC (100.0%)
2280,THORNEN,NT (100.0%)
2281,THORNES,NT (88.28%); TP (11.72%)
2282,THPLESK,LE (100.0%)
2283,THRGRTN,EM (100.0%)
2284,THTH,SN (100.0%)
2285,THURSO,SR (100.0%)
2286,THUSTON,LE (100.0%)
2287,TILEH,LM (100.0%)
2288,TILHRST,GW (100.0%)
2289,TINSMEA,SJ (100.0%)
2290,TIPTON,LM (100.0%)
2291,TIRPHIL,AW (100.0%)
2292,TISBURY,SW (100.0%)
2293,TIVIPW,GW (64.63%); XC (35.37%)
2294,TLBYTWN,CC (100.0%)
2295,TLSRNAU,AW (100.0%)
2296,TMPCMB,SW (100.0%)
2297,TMWTHHL,XC (100.0%)
2298,TMWTHLL,LM (80.59%); VT (19.41%)
2299,TNYPNDY,AW (100.0%)
2300,TODMRDN,NT (100.0%)
2301,TOLWTH,SW (100.0%)
2302,TONBDG,SE (100.0%)
2303,TONDU,AW (100.0%)
2304,TONFNAU,AW (100.0%)
2305,TONPNTR,AW (100.0%)
2306,TOOTING,TL (100.0%)
2307,TOPSHAM,GW (100.0%)
2308,TORQUAY,GW (94.73%); XC (5.27%)
2309,TORRE,GW (100.0%)
2310,TOTCTRD,XR (100.0%)
2311,TOTNES,GW (71.32%); XC (28.68%)
2312,TOTTON,SW (100.0%)
2313,TOWNGRN,ME (100.0%)
2314,TRDYRHW,AW (100.0%)
2315,TREFRST,AW (100.0%)
2316,TREHAFD,AW (100.0%)
2317,TREORCY,AW (100.0%)
2318,TRFDPK,NT (100.0%)
2319,TRFRSTE,AW (100.0%)
2320,TRIMLEY,LE (100.0%)
2321,TRING,LM (100.0%)
2322,TRNHMGN,LT (100.0%)
2323,TRNO,NT (100.0%)
2324,TROON,LS (0.33%); SR (99.67%)
2325,TRURO,GW (94.79%); XC (5.21%)
2326,TRWBRDG,GW (100.0%)
2327,TTNHMHL,LE (100.0%)
2328,TULLOCH,CS (38.17%); SR (61.83%)
2329,TULSEH,SN (48.95%); TL (51.05%)
2330,TUNWELL,SE (100.0%)
2331,TURKYST,LO (100.0%)
2332,TUTBURY,EM (100.0%)
2333,TWCKNHM,SW (100.0%)
2334,TWYFORD,GW (49.96%); XR (50.04%)
2335,TYCROES,AW (100.0%)
2336,TYGLAS,AW (100.0%)
2337,TYGWYN,AW (100.0%)
2338,TYNDRML,SR (100.0%)
2339,TYNDRMU,CS (38.17%); SR (61.83%)
2340,TYSL,CH (2.13%); LM (95.88%); TY (1.99%)
2341,TYWYN,AW (100.0%)
2342,UDNGSTN,SR (100.0%)
2343,UHALIFD,SW (100.0%)
2344,ULCEBY,EM (100.0%)
2345,ULESKLF,NT (100.0%)
2346,ULVRSTN,NT (100.0%)
2347,UMBRLGH,GW (100.0%)
2348,UNIV,TW (100.0%)
2349,UNVRSYB,LM (85.66%); XC (14.34%)
2350,UPHALL,SR (100.0%)
2351,UPHOLND,NT (100.0%)
2352,UPMNSTR,CC (100.0%)
2353,UPRHLWY,LO (100.0%)
2354,UPTON,AW (100.0%)
2355,UPWEY,GW (28.65%); SW (71.35%)
2356,URMSTON,NT (100.0%)
2357,UTOXETR,EM (100.0%)
2358,UWRLNGH,SN (97.68%); TL (2.32%)
2359,VALLEY,AW (100.0%)
2360,VAUXHLM,SW (100.0%)
2361,VICTRIE,TL (100.0%)
2362,VRGNWTR,SW (100.0%)
2363,WADDON,SN (100.0%)
2364,WADHRST,SE (100.0%)
2365,WAINFLT,EM (100.0%)
2366,WALAGRD,ME (100.0%)
2367,WALASYV,ME (100.0%)
2368,WALERTN,NT (100.0%)
2369,WALHAMX,LE (100.0%)
2370,WALKDEN,NT (100.0%)
2371,WALLYFD,SR (100.0%)
2372,WALMER,SE (100.0%)
2373,WALNGTN,SN (100.0%)
2374,WALSALL,LM (100.0%)
2375,WALTONM,ME (100.0%)
2376,WANBRO,GW (10.44%); SW (89.56%)
2377,WANDCMN,SN (100.0%)
2378,WAPPING,LO (100.0%)
2379,WARE,LE (100.0%)
2380,WARGRAV,GW (100.0%)
2381,WARHAM,SW (100.0%)
2382,WARNHAM,SN (100.0%)
2383,WARWICK,CH (92.29%); LM (7.71%)
2384,WARWPWY,CH (91.23%); LM (8.77%)
2385,WATBECH,GN (93.9%); LE (6.1%)
2386,WATCHET,GW (100.0%)
2387,WATFDHS,LO (100.0%)
2388,WATFDJ,CS (1.4%); LM (74.11%); LS (0.05%); SN (1.38%); VT (23.06%)
2389,WATFDN,LM (100.0%)
2390,WATLGTN,GN (96.67%); LE (3.33%)
2391,WATONAS,GN (100.0%)
2392,WATRLMN,SW (100.0%)
2393,WATSTND,EM (100.0%)
2394,WAUNGRN,AW (100.0%)
2395,WBRMPTN,LO (81.96%); SN (18.04%)
2396,WBYFLET,SW (100.0%)
2397,WCALDER,SR (100.0%)
2398,WCHAPEL,LO (100.0%)
2399,WCHAPXR,XR (100.0%)
2400,WCHR,AW (100.0%)
2401,WCKHMMR,LE (100.0%)
2402,WCLIFF,CC (100.0%)
2403,WCOMBEP,SE (59.51%); TL (40.49%)
2404,WCROYDN,SN (100.0%)
2405,WDBRNRD,SJ (100.0%)
2406,WDEN,NT (100.0%)
2407,WDGRNPK,LO (100.0%)
2408,WDHAMFR,LE (100.0%)
2409,WDHOUSE,NT (100.0%)
2410,WDLESFD,NT (100.0%)
2411,WDMNSTR,SN (100.0%)
2412,WDND,LM (100.0%)
2413,WDNYMNR,CH (8.02%); LM (91.98%)
2414,WDON,SW (100.0%)
2415,WDRNGTN,NT (100.0%)
2416,WDRYTON,GW (35.51%); XR (64.49%)
2417,WDST,LO (100.0%)
2418,WDULCRD,SE (100.0%)
2419,WDULWCH,SE (100.0%)
2420,WDWTOWN,SW (100.0%)
2421,WEALING,GW (1.11%); XR (98.89%)
2422,WEDGORB,LM (100.0%)
2423,WEDGORD,LM (100.0%)
2424,WEELEY,LE (100.0%)
2425,WEETON,NT (100.0%)
2426,WELHAMG,GN (100.0%)
2427,WELLING,SE (100.0%)
2428,WELNGTN,AW (42.88%); LM (54.58%); VT (2.54%)
2429,WELSHPL,AW (100.0%)
2430,WEMBLSM,CH (100.0%)
2431,WEMM,AW (100.0%)
2432,WENDOVR,CH (100.0%)
2433,WENHNGR,SE (100.0%)
2434,WENNGTN,NT (100.0%)
2435,WESGTOS,SE (100.0%)
2436,WESTRTN,SR (99.87%); WR (0.13%)
2437,WETHERL,NT (100.0%)
2438,WEYBDGE,SW (100.0%)
2439,WGSTS,XC (100.0%)
2440,WHAILES,SR (100.0%)
2441,WHALLEY,NT (100.0%)
2442,WHALYBG,NT (100.0%)
2443,WHAMHL,CC (100.0%)
2444,WHCH,AW (100.0%)
2445,WHHL,SR (100.0%)
2446,WHHRTLA,LO (100.0%)
2447,WHIFLET,SR (100.0%)
2448,WHIMPLE,SW (100.0%)
2449,WHINH,SR (100.0%)
2450,WHISTON,NT (100.0%)
2451,WHITHVN,NT (100.0%)
2452,WHLAND,AW (100.0%)
2453,WHLE,LM (100.0%)
2454,WHMDSTD,LO (99.97%); WR (0.03%)
2455,WHMPSTM,TL (100.0%)
2456,WHORNDN,CC (100.0%)
2457,WHSTBLE,SE (100.0%)
2458,WHTBDGE,NT (100.0%)
2459,WHTCHRH,SW (100.0%)
2460,WHTLSEA,EM (4.0%); LE (76.0%); XC (20.0%)
2461,WHTTON,SW (100.0%)
2462,WHWLL,EM (100.0%)
2463,WHYTBUS,SN (100.0%)
2464,WHYTELF,SN (100.0%)
2465,WHYTLFS,SN (100.0%)
2466,WIDNES,EM (29.65%); NT (70.35%)
2467,WIGANNW,NT (42.13%); TP (4.13%); VT (53.74%)
2468,WIGANWL,NT (100.0%)
2469,WIGTON,NT (100.0%)
2470,WIKFORD,LE (100.0%)
2471,WILMCOT,CH (33.47%); LM (66.53%)
2472,WILNECT,XC (100.0%)
2473,WIMBLDN,TL (100.0%)
2474,WIMLCHS,TL (100.0%)
2475,WINCHLS,SN (100.0%)
2476,WINERSH,GW (1.93%); SW (98.07%)
2477,WINETGL,SW (100.0%)
2478,WISBBUS,GR (100.0%)
2479,WISHAW,SR (100.0%)
2480,WITHAME,LE (100.0%)
2481,WITLEY,SW (100.0%)
2482,WITTON,LM (100.0%)
2483,WIVENHO,LE (100.0%)
2484,WKFLDKG,GC (6.66%); NT (93.26%); WR (0.08%)
2485,WKFLDWG,GR (33.21%); NT (49.15%); WR (0.11%); XC (17.53%)
2486,WKILBRD,SR (100.0%)
2487,WKNT,NT (100.0%)
2488,WLDMILL,AW (100.0%)
2489,WLDNGHM,SN (97.68%); TL (2.32%)
2490,WLMSL,AW (18.54%); NT (60.21%); VT (21.25%)
2491,WLNGBRO,EM (100.0%)
2492,WLNTNON,XC (100.0%)
2493,WLOE,SE (100.0%)
2494,WLOO,ME (100.0%)
2495,WLSDJHL,LO (100.0%)
2496,WLSDNJL,LO (30.65%); LT (69.35%)
2497,WLTHQRD,LO (100.0%)
2498,WLTWCEN,LO (100.0%)
2499,WLVR,LM (100.0%)
2500,WLWYNGC,GN (0.47%); TL (99.53%)
2501,WLWYNN,GN (0.27%); TL (99.73%)
2502,WMALING,SE (100.0%)
2503,WMBY,LM (23.64%); SN (76.36%)
2504,WMBYDC,LO (46.14%); LT (53.86%)
2505,WMBYEFR,CS (100.0%)
2506,WMILTON,GW (100.0%)
2507,WMOR,NT (100.0%)
2508,WMWD,SR (100.0%)
2509,WNCFILD,SW (100.0%)
2510,WNCHSTR,SW (88.85%); XC (11.15%)
2511,WNDSWRD,LO (100.0%)
2512,WNMHILL,GN (100.0%)
2513,WNORWOD,SN (100.0%)
2514,WNOTLEY,LE (100.0%)
2515,WNSFD,LM (100.0%)
2516,WNSTDPK,LO (100.0%)
2517,WOBURNS,LM (100.0%)
2518,WODBDGE,LE (100.0%)
2519,WOKING,SW (100.0%)
2520,WOKNGHM,GW (49.16%); SW (50.84%)
2521,WOLSTON,SN (15.22%); SW (84.78%)
2522,WOLWCDY,SE (100.0%)
2523,WOLWCHA,SE (72.26%); TL (27.74%)
2524,WOLWXR,XR (100.0%)
2525,WOMBWEL,NT (100.0%)
2526,WONT,SW (100.0%)
2527,WOODLEY,NT (100.0%)
2528,WOOL,SW (100.0%)
2529,WORCPHL,GW (100.0%)
2530,WORCPWY,GW (0.52%); XC (99.48%)
2531,WORCSFS,GW (49.45%); LM (50.55%)
2532,WORCSSH,GW (85.44%); LM (14.17%); LS (0.39%)
2533,WORKSOP,NT (100.0%)
2534,WORLE,GW (100.0%)
2535,WORSTED,LE (100.0%)
2536,WORTHNG,SN (98.99%); TL (1.01%)
2537,WOTONWN,LM (100.0%)
2538,WRABNES,LE (100.0%)
2539,WRBLNGT,SN (100.0%)
2540,WRCSTRP,SW (100.0%)
2541,WRENBRY,AW (100.0%)
2542,WRESSLE,NT (100.0%)
2543,WREXHMC,AW (100.0%)
2544,WREXHMG,AW (100.0%)
2545,WRGT,EM (27.47%); NT (72.53%)
2546,WRGTNBQ,AW (28.38%); NT (21.62%); VT (50.0%)
2547,WRGTWST,NT (100.0%)
2548,WRMNSTR,GW (86.07%); SW (13.93%)
2549,WROXHAM,LE (100.0%)
2550,WRPLSDN,SW (100.0%)
2551,WRUISLP,CH (100.0%)
2552,WRUNTON,LE (100.0%)
2553,WRYSBRY,SW (100.0%)
2554,WSLE,SE (100.0%)
2555,WSMARE,GW (99.1%); LS (0.9%)
2556,WSTBRYW,GW (92.2%); LS (0.44%); SW (6.76%); WR (0.22%); ZZ (0.38%)
2557,WSTHOTN,NT (100.0%)
2558,WSTRFLD,LE (100.0%)
2559,WSUTTON,TL (100.0%)
2560,WTCR,SR (100.0%)
2561,WTLESFD,LE (100.0%)
2562,WTRNGBY,SE (100.0%)
2563,WTRORTN,XC (100.0%)
2564,WVLSFLD,SN (41.21%); TL (58.79%)
2565,WVRMPTN,AW (16.08%); LM (49.72%); VT (16.08%); XC (18.12%)
2566,WVRTTEC,NT (100.0%)
2567,WWICKHM,SE (100.0%)
2568,WWRTHNG,SN (98.74%); TL (1.26%)
2569,WYEE,SE (100.0%)
2570,WYGN,LM (100.0%)
2571,WYLAM,NT (100.0%)
2572,WYMNDHM,EM (14.62%); LE (85.38%)
2573,WYTH,LM (100.0%)
2574,YAAM,TP (100.0%)
2575,YALDING,SE (100.0%)
2576,YATE,GW (100.0%)
2577,YATTON,GW (99.49%); LS (0.51%)
2578,YATTONL,LS (100.0%)
2579,YEOFORD,GW (100.0%)
2580,YNYSWEN,AW (100.0%)
2581,YOKER,SR (100.0%)
2582,YORK,GC (6.93%); GR (39.83%); TP (33.94%); WR (0.06%); XC (19.18%); ZZ (0.06%)
2583,YORKECP,GR (100.0%)
2584,YORKPCK,GR (100.0%)
2585,YORTON,AW (100.0%)
2586,YOVILJN,SW (100.0%)
2587,YOVILPM,GW (77.61%); SW (22.39%)
2588,YRDLYWD,LM (100.0%)
2589,YSTRADM,AW (100.0%)
2590,YTMNSTR,GW (100.0%)
2591,YTRHOND,AW (100.0%)
